row_id,Game Name,Discount,Price,Rating,Release Date
1,Sea of Stars,-33%,"R$ 66,99",86.99%,Aug 2023
2,The Case of the Golden Idol,-40%,"R$ 22,79",95.16%,Oct 2022
3,Minishoot' Adventures,-25%,"R$ 29,99",93.93%,Apr 2024
4,UNDERDOGS,-42%,"R$ 51,61",92.46%,Jan 2024
5,STORY OF SEASONS: Friends of Mineral Town,-75%,"R$ 23,49",90.71%,Jul 2020
6,Red Orchestra 2: Heroes of Stalingrad with Rising Storm,-90%,"R$ 4,99",90.61%,Sep 2011
7,Wall World,-70%,"R$ 5,09",89.11%,Apr 2023
8,Anger Foot,-30%,"R$ 51,79",88.92%,Jul 2024
9,Rune Factory 3 Special,-60%,"R$ 55,99",88.65%,Sep 2023
10,Maniac,-35%,"R$ 11,04",87.16%,Mar 2024
11,Coffee Caravan,-25%,"R$ 28,86",86.63%,May 2024
12,Rising Storm 2: Vietnam,-95%,"R$ 2,29",85.30%,May 2017
13,Ratopia,-25%,"R$ 44,99",84.57%,Nov 2023
14,Rune Factory 4 Special,-70%,"R$ 35,99",83.93%,Dec 2021
15,Swords and Sandals Immortals,-60%,"R$ 13,19",81.84%,Mar 2023
16,STORY OF SEASONS: Pioneers of Olive Town,-65%,"R$ 55,99",80.50%,Sep 2021
17,shapez 2,-25%,"R$ 41,24",95.07%,Aug 2024
18,ÂÄôÈ∏ü,-50%,"R$ 11,39",93.73%,Jan 2023
19,The Legend of Heroes: Trails in the Sky SC,-35%,"R$ 45,49",93.68%,Oct 2015
20,Êúà„Å´ÂØÑ„Çä„Åù„ÅÜ‰πôÂ•≥„ÅÆ‰ΩúÊ≥ï,-43%,"R$ 43,02",93.49%,Jun 2022
21,Insomnia: Theater in the Head,-26%,"R$ 6,46",92.89%,Dec 2022
22,"Little Kitty, Big City",-30%,"R$ 51,79",92.66%,May 2024
23,BZZZT,-60%,"R$ 7,99",91.72%,Nov 2023
24,The Legend of Heroes: Trails of Cold Steel,-50%,"R$ 36,49",91.51%,Aug 2017
25,Kitsune Tails,-20%,"R$ 31,99",91.48%,Aug 2024
26,Battle Chef Brigade Deluxe,-85%,"R$ 5,69",91.42%,Nov 2017
27,SENRAN KAGURA ESTIVAL VERSUS,-70%,"R$ 17,39",91.09%,Mar 2017
28,SENRAN KAGURA SHINOVI VERSUS,-60%,"R$ 15,19",91.09%,Jun 2016
29,The Legend of Heroes: Trails in the Sky,-50%,"R$ 18,49",90.85%,Jul 2014
30,Á™ÅÁÑ∂ÔºäÊÅã‰∫∫,-30%,"R$ 62,29",90.81%,Apr 2024
31,Otome Riron to Sono Shuuhen -√âcole de Paris-,-33%,"R$ 72,35",90.23%,Dec 2023
32,Iron Meat,-20%,"R$ 47,99",90.15%,Sep 2024
33,Jusant,-40%,"R$ 52,49",89.97%,Oct 2023
34,The Legend of Heroes: Trails in the Sky the 3rd,-25%,"R$ 41,99",89.72%,May 2017
35,The Legend of Heroes: Trails of Cold Steel II,-50%,"R$ 36,49",89.71%,Feb 2018
36,Fate/EXTELLA LINK,-70%,"R$ 28,19",89.61%,Mar 2019
37,The Operator,-15%,"R$ 37,81",89.55%,Jul 2024
38,Ys Origin,-75%,"R$ 9,24",89.49%,May 2012
39,We Were Here Expeditions: The FriendShip,-50%,"R$ 6,89",89.37%,Sep 2023
40,We Were Here Forever,-50%,"R$ 27,49",89.32%,May 2022
41,Venba,-50%,"R$ 23,49",89.29%,Jul 2023
42,Sakuna: Of Rice and Ruin,-50%,"R$ 37,74",89.01%,Nov 2020
43,SENRAN KAGURA Burst Re:Newal,-70%,"R$ 17,39",88.96%,Jan 2019
44,Shawarma Legend,-35%,"R$ 12,67",88.95%,Jul 2024
45,Game Of Fate,-12%,"R$ 50,20",88.42%,Oct 2024
46,Touhou: Scarlet Curiosity,-70%,"R$ 8,69",88.17%,Jul 2018
47,Fate/EXTELLA,-65%,"R$ 26,42",87.78%,Jul 2017
48,Backpack Battles,-20%,"R$ 33,59",87.43%,Mar 2024
49,SENRAN KAGURA Bon App√©tit! - Full Course,-75%,"R$ 9,49",87.38%,Nov 2016
50,Potionomics,-20%,"R$ 37,99",87.32%,Oct 2022
51,Corpse Party (2021),-55%,"R$ 34,39",87.26%,Oct 2021
52,Ys: Memories of Celceta,-40%,"R$ 28,49",87.13%,Jul 2018
53,Xanadu Next,-70%,"R$ 8,69",87.08%,Nov 2016
54,Torn Away,-40%,"R$ 28,19",87.08%,Sep 2023
55,METAL SLUG 3,-80%,"R$ 2,99",87.07%,Feb 2014
56,"Cook, Serve, Delicious! 3?!",-80%,"R$ 7,59",87.06%,Oct 2020
57,Apollo Justice: Ace Attorney Trilogy,-40%,"R$ 127,80",87.06%,Jan 2024
58,Zwei: The Ilvard Insurrection,-60%,"R$ 15,19",87.05%,Oct 2017
59,BioShock¬Æ 2,-85%,"R$ 4,49",87.04%,Feb 2010
60,"Good Pizza, Great Pizza - Cooking Simulator Game",-50%,"R$ 14,00",86.86%,Jan 2023
61,Ys SEVEN,-40%,"R$ 27,59",86.83%,Aug 2017
62,METAL SLUG,-80%,"R$ 3,19",86.19%,Jun 2015
63,Tavern Talk,-20%,"R$ 43,99",86.08%,Jun 2024
64,Vanity Fair: The Pursuit,-25%,"R$ 24,75",85.57%,Feb 2024
65,River Town Factory,-33%,"R$ 31,48",85.35%,Feb 2024
66,Nitroplus Blasterz: Heroines Infinite Duel,-75%,"R$ 9,49",85.34%,Dec 2016
67,Lost Castle / Â§±ËêΩÂüéÂ†°,-60%,"R$ 7,99",85.25%,Sep 2016
68,EVERSPACE‚Ñ¢ 2,-60%,"R$ 55,99",85.15%,Apr 2023
69,Ys VI: The Ark of Napishtim,-75%,"R$ 9,24",85.06%,Apr 2015
70,METAL SLUG X,-80%,"R$ 3,19",85.04%,Oct 2014
71,"Magical Mic Duel: Senpai, Hear My Spell",-50%,"R$ 11,75",84.91%,May 2024
72,Enshrouded,-20%,"R$ 71,99",84.50%,Jan 2024
73,Tavern Manager Simulator üçª,-20%,"R$ 31,99",84.20%,Aug 2024
74,Monster Hunter Stories,-20%,"R$ 103,20",83.71%,Jun 2024
75,Portal Dungeon,-35%,"R$ 30,54",83.45%,Jul 2023
76,METAL SLUG 2,-80%,"R$ 2,79",83.40%,Apr 2016
77,STAR WARS‚Ñ¢: Bounty Hunter‚Ñ¢,-25%,"R$ 44,99",83.10%,Aug 2024
78,Chef RPG,-10%,"R$ 53,99",82.94%,Sep 2024
79,Six Days in Fallujah,-25%,"R$ 80,99",82.06%,Jun 2023
80,Chef Life: A Restaurant Simulator,-70%,"R$ 26,69",81.65%,Feb 2023
81,A Perfect Day,-41%,"R$ 35,39",81.27%,Feb 2022
82,Sea Power : Naval Combat in the Missile Age,-10%,"R$ 121,49",79.36%,Nov 2024
83,ICARUS,-50%,"R$ 50,99",70.15%,Dec 2021
84,Phoenix Wright: Ace Attorney Trilogy,-67%,"R$ 23,09",95.58%,Apr 2019
85,Lost in Play,-60%,"R$ 20,00",94.76%,Aug 2022
86,LIZARDS MUST DIE,-50%,"R$ 3,49",94.59%,Sep 2023
87,Aokana - Four Rhythms Across the Blue - EXTRA2,-27%,"R$ 54,01",94.27%,Dec 2022
88,Mouthwashing,-10%,"R$ 37,79",94.17%,Sep 2024
89,Epiphyllum in Love,-40%,"R$ 7,20",93.82%,Mar 2020
90,Total War: MEDIEVAL II ‚Äì Definitive Edition,-75%,"R$ 21,24",93.72%,Nov 2006
91,Frog Detective 3: Corruption at Cowboy County,-45%,"R$ 9,34",93.65%,Oct 2022
92,Game Dev Tycoon,-75%,"R$ 7,49",93.49%,Aug 2013
93,PlateUp!,-66%,"R$ 20,39",93.09%,Aug 2022
94,Against the Storm,-50%,"R$ 34,99",92.93%,Dec 2023
95,Snufkin: Melody of Moominvalley,-20%,"R$ 47,99",92.83%,Mar 2024
96,ÊÅãÁà±ÁªÆË∞≠ ‰∏çÂ≠òÂú®ÁöÑÁúüÁõ∏,-33%,"R$ 18,68",92.01%,Oct 2022
97,Tetris¬Æ Effect: Connected,-50%,"R$ 37,74",91.98%,Aug 2021
98,Empires of the Undergrowth,-50%,"R$ 34,99",91.84%,Jun 2024
99,Â∞èÁôΩÂÖîÁîµÂïÜ~Bunny e-Shop,-33%,"R$ 18,75",91.68%,Nov 2021
100,Bagel Love Story,-10%,"R$ 12,41",91.67%,May 2024
101,Dystopika,-20%,"R$ 18,80",91.52%,Jun 2024
102,Wandersong,-75%,"R$ 9,24",91.45%,Sep 2018
103,Arco,-20%,"R$ 40,00",91.35%,Aug 2024
104,The Great Ace Attorney Chronicles,-60%,"R$ 47,99",91.21%,Jul 2021
105,Cyber Manhunt,-45%,"R$ 21,99",91.16%,Feb 2021
106,Our Adventurer Guild,-30%,"R$ 32,89",91.16%,Apr 2024
107,ÊÅãÁà±ÁªÆË∞≠~‰∏çÂ≠òÂú®ÁöÑÂ§èÂ§©~,-50%,"R$ 9,29",91.13%,Oct 2020
108,Islets,-50%,"R$ 29,99",90.66%,Aug 2022
109,Cross Princess,-35%,"R$ 6,81",90.33%,Sep 2020
110,Short Stories Collection of Class Tangerine,-60%,"R$ 6,39",90.26%,Sep 2017
111,Golden Treasure: The Great Green,-50%,"R$ 18,99",89.94%,Jun 2019
112,Weird RPG,-50%,"R$ 11,39",89.70%,Oct 2022
113,Ten Trials of Babel: The Doppelganger Maze,-10%,"R$ 9,00",89.65%,Mar 2022
114,Ys: The Oath in Felghana,-70%,"R$ 8,39",89.58%,Mar 2012
115,My Vow to My Liege,-40%,"R$ 12,41",89.49%,Sep 2020
116,Galaxy Burger,-20%,"R$ 28,79",89.48%,Aug 2024
117,Xuan-Yuan Sword: The Scar of Sky,-50%,"R$ 19,50",89.46%,Aug 2021
118,Total War: NAPOLEON ‚Äì Definitive Edition,-75%,"R$ 21,24",89.34%,Feb 2010
119,Pizza Possum,-40%,"R$ 14,10",89.32%,Sep 2023
120,Overcooked! 2,-75%,"R$ 14,97",89.26%,Aug 2018
121,Bear's Restaurant,-30%,"R$ 18,82",89.12%,Oct 2021
122,Choice of Life: Middle Ages 2,-60%,"R$ 9,40",89.04%,Sep 2022
123,Total War: EMPIRE ‚Äì Definitive Edition,-75%,"R$ 21,24",89.01%,Mar 2009
124,Metro 2033 Redux,-90%,"R$ 9,90",88.97%,Aug 2014
125,Metro: Last Light Redux,-90%,"R$ 9,90",88.80%,Aug 2014
126,Cat God Ranch,-10%,"R$ 29,69",88.77%,Sep 2024
127,Cataclismo,-35%,"R$ 45,49",88.58%,Jul 2024
128,Medieval II: Total War‚Ñ¢ Kingdoms,-75%,"R$ 21,24",88.48%,Aug 2007
129,Re: LieF ~ Shin'ainaru Anata e~,-60%,"R$ 26,39",88.47%,Feb 2021
130,Metro Exodus,-90%,"R$ 14,90",88.35%,Feb 2019
131,LUMINES REMASTERED,-70%,"R$ 8,69",88.26%,Jun 2018
132,CaseCracker,-50%,"R$ 10,34",88.10%,Dec 2022
133,Cyber Knights: Flashpoint,-34%,"R$ 58,73",88.05%,Oct 2023
134,Alina of the Arena,-35%,"R$ 18,84",87.99%,Oct 2022
135,The Wandering Village,-25%,"R$ 35,61",87.64%,Sep 2022
136,The Herbalist,-40%,"R$ 7,19",87.63%,Nov 2016
137,Clothing Store Simulator,-25%,"R$ 29,99",87.57%,Jun 2024
138,Monster Hunter: World,-67%,"R$ 32,96",86.92%,Aug 2018
139,Clanfolk,-50%,"R$ 34,99",86.92%,Jul 2022
140,HAAK,-40%,"R$ 20,99",86.75%,Aug 2022
141,To Be or Not to Be,-40%,"R$ 16,13",86.73%,Dec 2022
142,Let's Build a Zoo,-60%,"R$ 15,19",86.28%,Nov 2021
143,HighFleet,-35%,"R$ 37,69",86.01%,Jul 2021
144,Cloudpunk,-65%,"R$ 20,99",85.98%,Apr 2020
145,TrymenT ‚ÄïÁåÆÁªôÊ∏¥ÊúõÊîπÂèòÁöÑ‰Ω†‚Äï AlphAÁØá,-68%,"R$ 28,15",85.64%,Feb 2020
146,F.I.S.T.: Forged In Shadow Torch,-65%,"R$ 31,49",85.26%,Oct 2021
147,Choice of Life: Middle Ages,-80%,"R$ 3,39",85.18%,Nov 2020
148,Operation: Tango,-55%,"R$ 34,13",85.12%,Jun 2021
149,Ys I & II Chronicles+,-70%,"R$ 8,39",85.10%,Feb 2013
150,Looking Up I See Only A Ceiling,-25%,"R$ 5,24",85.10%,Mar 2023
151,Corpse Party,-70%,"R$ 8,39",84.93%,Apr 2016
152,DAEMON X MACHINA,-60%,"R$ 37,59",84.65%,Feb 2020
153,Castle Of Alchemists,-55%,"R$ 6,74",84.10%,May 2023
154,Warhammer: Vermintide 2,-95%,"R$ 4,44",83.85%,Mar 2018
155,Red Orchestra: Ostfront 41-45,-60%,"R$ 4,35",83.72%,Mar 2006
156,SHOGUN: Total War‚Ñ¢ - Collection,-75%,"R$ 6,24",83.44%,Jun 2000
157,Melon Journey: Bittersweet Memories,-70%,"R$ 14,09",82.95%,Apr 2023
158,Doomsday Paradise,-25%,"R$ 26,24",82.40%,Nov 2023
159,We Were Here Together,-62%,"R$ 15,95",82.34%,Oct 2019
160,SENRAN KAGURA Peach Ball,-70%,"R$ 17,39",82.33%,Aug 2019
161,AKIBA'S TRIP: Undead ÔºÜ Undressed,-60%,"R$ 15,19",82.13%,May 2015
162,Vellum,-30%,"R$ 41,99",82.12%,Mar 2024
163,Corpse Party: Book of Shadows,-50%,"R$ 14,49",82.02%,Oct 2018
164,Total War: ROME II - Emperor Edition,-75%,"R$ 37,49",81.93%,Sep 2013
165,HELLCARD,-33%,"R$ 46,89",81.59%,Feb 2024
166,The Last Friend,-85%,"R$ 4,34",81.44%,Sep 2021
167,SENRAN KAGURA Reflexions,-70%,"R$ 6,20",81.13%,Jun 2019
168,Corpse Party: Sweet Sachiko's Hysteric Birthday Bash,-60%,"R$ 15,19",81.06%,Apr 2019
169,Fairy Bloom Freesia,-60%,"R$ 6,39",80.70%,Oct 2012
170,Total War: ATTILA,-75%,"R$ 28,24",80.58%,Feb 2015
171,It Lurks Below,-55%,"R$ 17,09",80.53%,May 2019
172,No More Heroes 3,-65%,"R$ 37,79",79.48%,Oct 2022
173,Age of Wonders 4,-35%,"R$ 129,99",79.38%,May 2023
174,Kandagawa Jet Girls,-70%,"R$ 22,64",79.16%,Aug 2020
175,Necroking,-33%,"R$ 11,38",78.97%,Sep 2024
176,Ship Graveyard Simulator 2,-58%,"R$ 45,50",78.11%,Aug 2023
177,SENRAN KAGURA Peach Beach Splash,-70%,"R$ 17,39",78.06%,Mar 2018
178,Not Tonight 2,-75%,"R$ 9,49",78.04%,Feb 2022
179,Song Of The Prairie,-30%,"R$ 41,99",77.63%,Aug 2024
180,DeathSprint 66,-33%,"R$ 49,57",77.20%,Sep 2024
181,"Warhammer 40,000: Inquisitor - Prophecy",-80%,"R$ 14,79",76.88%,Jul 2019
182,Barista Simulator,-70%,"R$ 14,09",76.85%,May 2023
183,Ultros,-50%,"R$ 36,99",76.80%,Feb 2024
184,Zwei: The Arges Adventure,-70%,"R$ 8,69",76.69%,Jan 2018
185,No More Heroes,-50%,"R$ 49,99",76.02%,Jun 2021
186,STORY OF SEASONS: A Wonderful Life,-50%,"R$ 64,99",75.09%,Jun 2023
187,Spacelines from the Far Out,-70%,"R$ 5,99",74.94%,Jun 2022
188,Cuisineer,-30%,"R$ 55,99",74.73%,Nov 2023
189,Rune Factory 5,-60%,"R$ 43,19",74.71%,Jul 2022
190,Necrosmith 2,-50%,"R$ 13,24",74.64%,Mar 2024
191,"Warhammer 40,000: Inquisitor - Martyr",-80%,"R$ 26,99",74.16%,Jun 2018
192,Total War: ROME REMASTERED,-66%,"R$ 42,67",73.79%,Apr 2021
193,Headquarters: World War II,-35%,"R$ 70,19",73.36%,Apr 2024
194,Corpse Party: Blood Drive,-60%,"R$ 15,19",72.78%,Oct 2019
195,UPPERS,-75%,"R$ 14,49",72.61%,Oct 2020
196,Land Above Sea Below,-55%,"R$ 11,92",72.10%,Sep 2023
197,AKIBA'S TRIP: Hellbound & Debriefed,-60%,"R$ 23,99",71.88%,Jul 2021
198,Total War: THREE KINGDOMS,-66%,"R$ 50,99",71.28%,May 2019
199,Touhou: New World,-60%,"R$ 35,99",70.44%,Jul 2023
200,A Total War Saga: TROY,-50%,"R$ 79,99",69.58%,Sep 2021
201,A Total War Saga: THRONES OF BRITANNIA,-75%,"R$ 24,99",68.93%,May 2018
202,Corpse Party 2: Dead Patient,-30%,"R$ 14,48",68.74%,Oct 2019
203,Medieval: Total War‚Ñ¢ - Collection,-75%,"R$ 6,24",68.37%,Aug 2002
204,No More Heroes 2: Desperate Struggle,-50%,"R$ 49,99",68.10%,Jun 2021
205,Millennia,-50%,"R$ 84,99",67.09%,Mar 2024
206,DEADCRAFT,-75%,"R$ 14,99",66.70%,May 2022
207,Bullet Witch,-70%,"R$ 8,69",66.65%,Apr 2018
208,Silent Hope,-70%,"R$ 41,99",66.60%,Oct 2023
209,Great Houses of Calderia,-60%,"R$ 25,99",65.62%,May 2024
210,Dustborn,-50%,"R$ 57,49",65.26%,Aug 2024
211,ServiceIT: You can do IT,-52%,"R$ 30,94",64.49%,Mar 2024
212,Age of Water,-50%,"R$ 74,50",64.02%,Apr 2024
213,Total War: PHARAOH,-50%,"R$ 62,75",63.19%,Oct 2023
214,Little King's Story,-75%,"R$ 7,24",59.57%,Aug 2016
215,Loop8: Summer of Gods,-75%,"R$ 26,99",48.50%,Jun 2023
216,Papa's Freezeria Deluxe,-20%,"R$ 16,39",96.17%,Mar 2023
217,Garry's Mod,-40%,"R$ 15,59",96.04%,Nov 2006
218,A Building Full of Cats,-20%,"R$ 4,72",94.93%,Jul 2022
219,Riddle Joker,-42%,"R$ 59,15",94.87%,Dec 2020
220,Until Then,-25%,"R$ 44,99",94.47%,Jun 2024
221,Caf√© Stella and the Reaper's Butterflies,-32%,"R$ 69,35",94.44%,Mar 2022
222,Aokana - Four Rhythms Across the Blue,-50%,"R$ 50,99",94.27%,Sep 2019
223,Tiny Glade,-10%,"R$ 42,29",94.14%,Sep 2024
224,Smushi Come Home,-20%,"R$ 47,99",93.99%,Jun 2023
225,Dungeon Munchies,-20%,"R$ 30,39",93.95%,Jul 2022
226,Kenshi,-60%,"R$ 23,19",93.91%,Dec 2018
227,DREDGE,-40%,"R$ 58,19",93.86%,Mar 2023
228,Bugsnax,-60%,"R$ 18,99",93.82%,Apr 2022
229,OPUS: Echo of Starsong - Full Bloom Edition,-50%,"R$ 36,99",93.58%,Sep 2021
230,HROT,-35%,"R$ 38,99",93.55%,May 2023
231,Aokana - Four Rhythms Across the Blue - EXTRA1,-42%,"R$ 30,44",93.23%,Nov 2020
232,Pilgrims,-75%,"R$ 4,99",93.08%,Oct 2019
233,Machinarium,-80%,"R$ 10,99",93.05%,Oct 2009
234,Nova Drift,-3%,"R$ 25,44",93.00%,Aug 2024
235,Dream Ending,-40%,"R$ 7,20",92.85%,Jul 2019
236,Seal World,-20%,"R$ 13,59",92.63%,Dec 2023
237,XCOM: Enemy Unknown,-80%,"R$ 13,99",92.62%,Oct 2012
238,BioShock Infinite,-75%,"R$ 22,49",92.53%,Mar 2013
239,ARMORED HEAD,-40%,"R$ 6,53",92.47%,Jul 2020
240,Arctic Eggs,-20%,"R$ 26,39",92.41%,May 2024
241,Botanicula,-80%,"R$ 7,99",92.40%,May 2012
242,No Time,-20%,"R$ 18,23",92.29%,Apr 2019
243,BioShock‚Ñ¢,-75%,"R$ 7,49",92.20%,Aug 2007
244,Rain World,-26%,"R$ 71,98",92.18%,Mar 2017
245,Symphony of War: The Nephilim Saga,-50%,"R$ 29,99",92.16%,Jun 2022
246,The Procession to Calvary,-55%,"R$ 13,49",92.10%,Apr 2020
247,Shogun Showdown,-20%,"R$ 37,59",91.91%,Sep 2024
248,Disco Elysium - The Final Cut,-75%,"R$ 18,87",91.89%,Oct 2019
249,Ê≥°Ê≤´ÂÜ¨ÊôØ,-55%,"R$ 13,04",91.87%,Jan 2020
250,Long Live The Queen,-65%,"R$ 9,09",91.84%,Nov 2013
251,inbento,-75%,"R$ 4,24",91.81%,Sep 2019
252,Doom & Destiny,-70%,"R$ 8,99",91.74%,Aug 2011
253,Kinkoi: Golden Loveriche,-38%,"R$ 63,23",91.73%,Jun 2021
254,My Brother Rabbit,-75%,"R$ 7,24",91.68%,Sep 2018
255,Scalak,-50%,"R$ 5,24",91.68%,May 2018
256,Beat Hazard,-70%,"R$ 9,89",91.58%,Apr 2010
257,Creaks,-75%,"R$ 13,74",91.40%,Jul 2020
258,Necesse,-35%,"R$ 30,54",91.37%,Dec 2019
259,Warsim: The Realm of Aslona,-50%,"R$ 14,99",91.31%,Dec 2022
260,FIND ALL 4: Magic,-26%,"R$ 5,17",91.30%,Sep 2023
261,"Cook, Serve, Delicious!",-80%,"R$ 3,99",91.23%,Oct 2013
262,Kinkoi: Golden Time,-37%,"R$ 56,06",91.17%,Jul 2022
263,Gaokao.Love.100Days,-40%,"R$ 17,40",91.14%,May 2015
264,Tiny Snow,-40%,"R$ 7,20",91.13%,Feb 2019
265,Zenge,-50%,"R$ 3,49",91.09%,Apr 2016
266,Hamidashi Creative,-30%,"R$ 62,29",91.03%,Sep 2022
267,I wanna be the Creator,-30%,"R$ 8,67",91.00%,Nov 2019
268,Terminus: Zombie Survivors,-25%,"R$ 44,99",90.91%,Aug 2024
269,Staffer Case: A Supernatural Mystery Adventure,-31%,"R$ 26,55",90.87%,Apr 2023
270,Grim Legends 2: Song of the Dark Swan,-70%,"R$ 14,09",90.86%,Sep 2014
271,Samorost 3,-80%,"R$ 10,99",90.82%,Mar 2016
272,Kaori After Story,-75%,"R$ 8,24",90.78%,Dec 2018
273,PARQUET,-45%,"R$ 28,86",90.77%,Aug 2021
274,Making*Lovers,-50%,"R$ 44,49",90.72%,Apr 2020
275,Grim Legends: The Forsaken Bride,-75%,"R$ 11,74",90.68%,Feb 2014
276,Frog Detective 2: The Case of the Invisible Wizard,-45%,"R$ 9,34",90.66%,Dec 2019
277,Trackmania United Forever,-50%,"R$ 44,99",90.65%,Apr 2008
278,Her New Memory - Hentai Simulator,-66%,"R$ 11,21",90.60%,Feb 2022
279,Trailmakers,-75%,"R$ 11,87",90.53%,Sep 2019
280,Original War,-80%,"R$ 7,99",90.41%,Jun 2001
281,Four Last Things,-75%,"R$ 7,49",90.41%,Feb 2017
282,Arma 2: Operation Arrowhead,-80%,"R$ 9,99",90.35%,Jun 2010
283,Burger Shop,-50%,"R$ 7,24",90.25%,Oct 2007
284,ACE Academy,-75%,"R$ 14,99",90.23%,Aug 2016
285,Hero of the Kingdom,-85%,"R$ 3,97",90.18%,Dec 2012
286,Freshly Frosted,-42%,"R$ 12,00",90.06%,Jun 2022
287,Hero of the Kingdom II,-85%,"R$ 4,49",90.05%,Feb 2015
288,Tom Clancy's Splinter Cell Chaos Theory¬Æ,-75%,"R$ 7,49",89.95%,Mar 2005
289,WHAT THE GOLF?,-66%,"R$ 12,91",89.92%,Oct 2020
290,Chillquarium,-25%,"R$ 15,36",89.75%,Sep 2023
291,Staffer Reborn,-26%,"R$ 7,76",89.74%,Apr 2024
292,Burger Shop 2,-50%,"R$ 7,24",89.62%,Jul 2009
293,Farewell North,-20%,"R$ 71,96",89.57%,Aug 2024
294,Crystalline,-75%,"R$ 14,99",89.55%,Aug 2018
295,Chinese Parents,-40%,"R$ 17,99",89.55%,Sep 2018
296,Season of 12 Colors,-50%,"R$ 5,24",89.50%,Mar 2016
297,A Tiny Sticker Tale,-28%,"R$ 23,75",89.47%,Oct 2023
298,Arma 3,-80%,"R$ 19,99",89.46%,Sep 2013
299,Under Leaves,-75%,"R$ 2,62",89.36%,Apr 2017
300,Monster Sanctuary,-75%,"R$ 34,99",89.28%,Dec 2020
301,Aground,-66%,"R$ 15,97",89.25%,Apr 2020
302,FIND ALL 2: Middle Ages,-26%,"R$ 5,17",89.23%,Mar 2022
303,Crossroad OS,-25%,"R$ 12,74",89.17%,Dec 2023
304,THE LONGING,-8%,"R$ 38,15",89.11%,Mar 2020
305,Fureraba ~Friend to Lover~,-50%,"R$ 44,49",89.10%,May 2018
306,Rampage Knights,-70%,"R$ 12,59",88.96%,Sep 2015
307,Workers & Resources: Soviet Republic,-50%,"R$ 49,99",88.95%,Jun 2024
308,SoulslayerÔΩûÁÅ≠È≠Ç¬∑ËØØ‰Ω≥ÊúüÔΩû,-50%,"R$ 12,49",88.90%,Jul 2017
309,Ex-Zodiac,-25%,"R$ 15,51",88.88%,Jul 2022
310,Death of the Reprobate,-10%,"R$ 37,79",88.77%,Nov 2024
311,Tree Simulator 2020,-50%,"R$ 3,49",88.73%,Mar 2019
312,Uncover the Smoking Gun,-30%,"R$ 41,99",88.71%,Jun 2024
313,100 hidden turtles,-80%,"R$ 2,75",88.70%,Sep 2022
314,Broken Reality,-75%,"R$ 7,24",88.70%,Nov 2018
315,"Braid, Anniversary Edition",-70%,"R$ 17,99",88.70%,May 2024
316,Soulstone Survivors,-30%,"R$ 20,99",88.69%,Nov 2022
317,Regency Solitaire,-57%,"R$ 14,18",88.63%,May 2015
318,Hidden Cats in Berlin,-10%,"R$ 8,68",88.63%,Mar 2024
319,Grow Home,-75%,"R$ 5,99",88.58%,Feb 2015
320,Bone's Cafe,-50%,"R$ 23,49",88.58%,Oct 2022
321,Chicken Journey,-35%,"R$ 21,44",88.57%,Aug 2023
322,Midnight Ramen,-20%,"R$ 30,79",88.53%,Jul 2024
323,Nyan Cat: Lost In Space,-50%,"R$ 5,44",88.40%,Dec 2015
324,CONSCRIPT,-35%,"R$ 56,16",88.38%,Jul 2024
325,Lil' Guardsman,-30%,"R$ 41,99",88.31%,Jan 2024
326,X-Morph: Defense,-25%,"R$ 55,90",88.25%,Aug 2017
327,Renai Karichaimashita: Koikari - Love For Hire,-40%,"R$ 53,39",88.23%,Oct 2021
328,Tiny and Big: Grandpa's Leftovers,-85%,"R$ 5,77",88.15%,Jun 2012
329,Angry Video Game Nerd I & II Deluxe,-20%,"R$ 15,99",88.12%,Oct 2020
330,Svoboda 1945: Liberation,-72%,"R$ 8,67",88.11%,Aug 2021
331,Coloring Game: Pixel,-50%,"R$ 8,49",88.06%,Oct 2019
332,Sacred Fire: A Role Playing Game,-33%,"R$ 38,85",87.98%,Oct 2021
333,Irotoridori No Sekai HD - The Colorful World,-20%,"R$ 81,59",87.95%,Feb 2024
334,Templar Battleforce,-50%,"R$ 16,49",87.92%,Sep 2015
335,Cultivation Story: Reincarnation,-30%,"R$ 14,48",87.92%,Jan 2023
336,Regency Solitaire II,-32%,"R$ 31,95",87.89%,Feb 2024
337,Heroines of Swords & Spells,-50%,"R$ 11,75",87.84%,Mar 2020
338,The House of Da Vinci 2,-60%,"R$ 23,99",87.81%,May 2020
339,Enigmatis 3: The Shadow of Karkhala,-70%,"R$ 14,09",87.76%,Aug 2016
340,Knights Within,-35%,"R$ 35,74",87.73%,May 2024
341,Little Mouse's Encyclopedia,-75%,"R$ 2,72",87.71%,Feb 2019
342,100 hidden snails 2,-80%,"R$ 2,09",87.69%,Feb 2021
343,Ethereal Enigma,-75%,"R$ 14,99",87.66%,Aug 2020
344,OPUS: Rocket of Whispers,-50%,"R$ 23,49",87.66%,Feb 2018
345,Tom Clancy's Rainbow Six¬Æ 3 Gold,-75%,"R$ 7,49",87.65%,Mar 2003
346,Á∫ØÁà±Áã¨ÁôΩÔºöÂ∞èÂ∞è Purelove Monologue: Xiaoxiao,-30%,"R$ 11,89",87.65%,Mar 2024
347,A Juggler's Tale,-80%,"R$ 10,99",87.62%,Sep 2021
348,Bad Dream: Coma,-75%,"R$ 7,49",87.62%,Mar 2017
349,World End Diner,-20%,"R$ 39,99",87.58%,Jun 2021
350,Sweet Shine,-26%,"R$ 14,57",87.51%,Aug 2021
351,LunarLux,-52%,"R$ 29,89",87.47%,Sep 2023
352,MEMOLOGY: GOYDA,-17%,"R$ 4,36",87.47%,May 2024
353,OXXO,-50%,"R$ 3,49",87.44%,Aug 2019
354,Grow Up,-75%,"R$ 7,49",87.43%,Aug 2016
355,Cats Everywhere,-20%,"R$ 2,79",87.43%,Feb 2024
356,Hero of the Kingdom: The Lost Tales 1,-80%,"R$ 4,70",87.40%,Apr 2020
357,Screencheat,-80%,"R$ 9,39",87.36%,Oct 2014
358,Trover Saves the Universe,-67%,"R$ 19,13",87.35%,Jun 2019
359,Memory Oblivion Box,-55%,"R$ 10,80",87.34%,Jun 2016
360,Easy Red 2,-20%,"R$ 23,99",87.32%,Nov 2020
361,Koi-Koi Japan [Hanafuda playing cards],-19%,"R$ 30,26",87.28%,Apr 2015
362,Genome Guardian,-8%,"R$ 31,06",87.27%,May 2024
363,Eventide: Slavic Fable,-80%,"R$ 9,39",87.26%,Jan 2016
364,HUMANITY,-40%,"R$ 53,39",87.22%,May 2023
365,Grim Legends 3: The Dark City,-70%,"R$ 14,09",87.19%,Jun 2016
366,Wrongworld,-50%,"R$ 11,75",87.18%,May 2018
367,100 hidden snails,-70%,"R$ 2,09",87.12%,Nov 2020
368,ODDADA,-20%,"R$ 26,39",87.08%,Aug 2024
369,Attack Core,-10%,"R$ 18,44",87.08%,Nov 2024
370,GLAD VALAKAS SIMULATOR,-50%,"R$ 1,74",87.07%,Jun 2018
371,IS Defense,-70%,"R$ 3,71",87.00%,Apr 2016
372,Xuan-Yuan Sword: Dance of the Maple Leaves,-50%,"R$ 8,50",86.98%,Jan 1995
373,Clockwork Tales: Of Glass and Ink,-70%,"R$ 14,09",86.97%,Aug 2013
374,Rayman¬Æ Legends,-80%,"R$ 17,99",86.96%,Sep 2013
375,Magicraft,-20%,"R$ 39,99",86.91%,Nov 2024
376,My Memory of Us,-84%,"R$ 8,79",86.87%,Oct 2018
377,Unboxing the Cryptic Killer,-30%,"R$ 14,34",86.86%,Apr 2023
378,Happy Room,-50%,"R$ 8,49",86.85%,Dec 2016
379,Nelly Cootalot: The Fowl Fleet,-17%,"R$ 47,70",86.83%,Mar 2016
380,Through the Ages,-40%,"R$ 18,59",86.82%,Mar 2018
381,Mecha Knights: Nightmare,-55%,"R$ 22,49",86.78%,Aug 2021
382,Sugar * Style,-50%,"R$ 44,49",86.70%,Apr 2021
383,High On Life,-35%,"R$ 70,19",86.67%,Dec 2022
384,Let's Cook Together,-75%,"R$ 7,74",86.65%,Nov 2020
385,LUNA The Shadow Dust,-18%,"R$ 49,48",86.64%,Feb 2020
386,FIND ALL 3: Travel,-26%,"R$ 5,17",86.63%,Jul 2022
387,Sankaku Renai: Love Triangle Trouble,-50%,"R$ 44,49",86.58%,May 2019
388,Chippy,-34%,"R$ 19,13",86.57%,Jun 2019
389,Godrop,-15%,"R$ 25,49",86.57%,Apr 2024
390,Grand Theft Auto V,-41%,"R$ 38,63",86.56%,Apr 2015
391,Avernum: Escape From the Pit,-70%,"R$ 9,89",86.54%,Apr 2012
392,The Legend of The Sacred Stone EX,-30%,"R$ 11,61",86.54%,Mar 2022
393,Metal as Phuk,-50%,"R$ 8,49",86.53%,Jul 2017
394,Thief Simulator,-40%,"R$ 58,21",86.52%,Nov 2018
395,Mists of Aiden,-21%,"R$ 11,44",86.49%,Nov 2020
396,Dungeon Deathball,-65%,"R$ 13,47",86.47%,Oct 2021
397,Happy Game,-70%,"R$ 10,25",86.41%,Oct 2021
398,Wheely,-50%,"R$ 3,49",86.33%,Nov 2016
399,CARNAGE OFFERING Tower Defense,-70%,"R$ 9,89",86.29%,Sep 2023
400,LOVE 3,-20%,"R$ 15,99",86.28%,Dec 2021
401,Pixel Cafe,-65%,"R$ 14,69",86.26%,Nov 2023
402,Man of the House,-25%,"R$ 37,49",86.24%,Oct 2019
403,ToriDori,-26%,"R$ 14,79",86.16%,Apr 2023
404,Saki and the Crucible of Debauchery,-10%,"R$ 26,99",86.12%,Jul 2024
405,Attentat 1942,-83%,"R$ 3,87",86.09%,Oct 2017
406,Yakiniku simulator,-42%,"R$ 6,31",86.09%,Jun 2022
407,TrackMania¬≤ Stadium,-50%,"R$ 14,99",86.08%,Feb 2013
408,Inkbound,-40%,"R$ 53,39",86.08%,Apr 2024
409,Takoyaki Party Survival,-20%,"R$ 8,39",86.05%,Aug 2022
410,Jets'n'Guns 2,-70%,"R$ 14,99",86.02%,Jul 2020
411,Trust No Bunny,-40%,"R$ 12,29",86.00%,Aug 2023
412,Cross Maid,-35%,"R$ 6,81",85.99%,Aug 2021
413,ACE COMBAT‚Ñ¢ 7: SKIES UNKNOWN,-80%,"R$ 57,50",85.93%,Jan 2019
414,Fhtagn Simulator,-50%,"R$ 8,29",85.88%,Oct 2022
415,Rogue Voltage,-20%,"R$ 39,99",85.82%,May 2024
416,Wrench,-15%,"R$ 75,64",85.82%,Dec 2018
417,Lingering Fragrance,-70%,"R$ 3,60",85.80%,Aug 2018
418,Art Of Gravity,-50%,"R$ 3,49",85.78%,Jun 2017
419,Rail Route,-35%,"R$ 48,09",85.76%,Feb 2024
420,The Sushi Spinnery,-50%,"R$ 9,29",85.72%,May 2022
421,Project Hospital,-50%,"R$ 35,00",85.70%,Oct 2018
422,Ëä±ÊÅãÊúà‰æù,-20%,"R$ 16,39",85.64%,Aug 2024
423,"Cook, Serve, Delicious! 2!!",-80%,"R$ 5,19",85.59%,Sep 2017
424,Solasta: Crown of the Magister,-70%,"R$ 26,69",85.58%,May 2021
425,Lost Lands: The Four Horsemen Collector's Edition,-50%,"R$ 16,49",85.56%,Jul 2015
426,Coffee flavor of love ÂíñÂï°ÁîúÊÅã,-45%,"R$ 4,77",85.55%,Feb 2021
427,Soulestination,-50%,"R$ 5,24",85.51%,Jan 2021
428,UBERMOSH,-50%,"R$ 1,74",85.50%,Aug 2015
429,Wars and Warriors: Joan of Arc,-75%,"R$ 3,49",85.47%,Feb 2004
430,The Spire of Mech Zero,-40%,"R$ 10,19",85.46%,Nov 2024
431,Godzilla Voxel Wars,-30%,"R$ 32,89",85.45%,Oct 2023
432,Dark Hunting Ground,-20%,"R$ 19,99",85.45%,Nov 2024
433,GUNFIELD,-20%,"R$ 13,59",85.45%,Nov 2024
434,Unlock The Cat,-50%,"R$ 3,49",85.42%,Mar 2021
435,Driver¬Æ Parallel Lines,-75%,"R$ 7,49",85.37%,Jun 2007
436,Banner of the Maid,-80%,"R$ 11,99",85.35%,May 2019
437,Tcheco in the Castle of Lucio,-50%,"R$ 1,74",85.32%,Jun 2015
438,The Chronicles of Quiver Dick,-35%,"R$ 6,81",85.31%,Jul 2018
439,Red Matter,-45%,"R$ 35,02",85.30%,Nov 2018
440,Doom & Destiny Advanced,-70%,"R$ 8,99",85.29%,Nov 2016
441,Youth Feather,-55%,"R$ 4,72",85.23%,Aug 2019
442,MechaNika,-75%,"R$ 3,44",85.17%,Jul 2015
443,Persian Nights: Sands of Wonders,-75%,"R$ 11,74",85.16%,Jun 2017
444,Green Hell,-67%,"R$ 27,06",85.16%,Sep 2019
445,Silence of the Siren,-20%,"R$ 71,19",85.15%,Sep 2024
446,The House of Da Vinci 3,-30%,"R$ 41,99",85.14%,Dec 2022
447,Vampire Hunters,-25%,"R$ 35,24",85.12%,Oct 2024
448,The House of Da Vinci,-70%,"R$ 17,99",85.07%,Nov 2017
449,Angry Video Game Nerd Adventures,-20%,"R$ 7,99",85.05%,Sep 2013
450,Dreamscaper,-75%,"R$ 18,49",85.04%,Aug 2021
451,Go To Hell Must,-20%,"R$ 16,39",85.02%,Aug 2024
452,Â§èÊÅãÂπªÊ¢¶,-24%,"R$ 8,27",85.00%,Aug 2022
453,Strategic Command: World War I,-60%,"R$ 58,26",84.97%,Dec 2019
454,Sabbat of the Witch,-50%,"R$ 44,49",84.96%,Oct 2018
455,Lucky Hunter,-20%,"R$ 16,39",84.95%,Nov 2024
456,Coloring Game: Girls,-50%,"R$ 20,99",84.94%,Jul 2022
457,DuckTales: Remastered,-75%,"R$ 7,49",84.91%,Aug 2013
458,Rags to Dishes,-90%,"R$ 5,99",84.90%,Nov 2020
459,Turkish Throne,-24%,"R$ 7,60",84.89%,Mar 2024
460,A TAVERN FOR TEA,-20%,"R$ 8,39",84.72%,Mar 2023
461,Gujian3(Âè§ÂâëÂ•áË∞≠‰∏â),-50%,"R$ 28,99",84.71%,Dec 2018
462,Super Bunny Man,-35%,"R$ 29,24",84.71%,May 2023
463,Love of Magic Book 2: The War,-40%,"R$ 17,39",84.70%,May 2022
464,"About Love, Hate and the other ones",-85%,"R$ 3,97",84.68%,Dec 2014
465,Hell of an Office,-27%,"R$ 31,34",84.66%,Oct 2024
466,King Of The Castle,-50%,"R$ 17,99",84.63%,Mar 2023
467,"Yes, Your Grace",-75%,"R$ 9,49",84.61%,Mar 2020
468,Skatemasta Tcheco,-41%,"R$ 1,76",84.60%,Jan 2020
469,Verdun,-80%,"R$ 11,99",84.57%,Apr 2015
470,Chessarama,-25%,"R$ 22,49",84.55%,Dec 2023
471,Diner Bros,-40%,"R$ 12,41",84.51%,Jul 2018
472,Military Conflict: Vietnam,-30%,"R$ 27,99",84.50%,Dec 2022
473,Backwoods Town,-30%,"R$ 20,99",84.48%,Nov 2023
474,Femboy Aim Trainer,-10%,"R$ 3,14",84.46%,Jun 2024
475,Warrior Kings: Battles,-80%,"R$ 5,99",84.45%,Sep 2003
476,Jumbo Airport Story,-32%,"R$ 12,64",84.44%,Jun 2023
477,Purple Place - Classic Games,-30%,"R$ 4,89",84.42%,Oct 2023
478,Virtua Unlimited Project,-20%,"R$ 28,63",84.38%,Apr 2024
479,Yusetsu,-47%,"R$ 17,48",84.37%,Sep 2022
480,Gabenwood: 99 Hidden Bucks,-50%,"R$ 1,74",84.36%,Nov 2022
481,Super Alloy Ranger,-45%,"R$ 15,40",84.36%,Sep 2022
482,ÁúüÁ©∫ÊàòÂß¨,-30%,"R$ 10,14",84.33%,Jul 2022
483,Starward Rogue,-75%,"R$ 9,62",84.32%,Jan 2016
484,Tropical Resort Story,-40%,"R$ 11,15",84.32%,Apr 2023
485,Lost: Find,-40%,"R$ 8,27",84.29%,Dec 2021
486,Troublemaker,-50%,"R$ 25,32",84.28%,Mar 2023
487,Pocket Academy 3,-30%,"R$ 13,01",84.28%,Jul 2023
488,SAO Utils: Beta,-10%,"R$ 7,82",84.28%,Mar 2018
489,Spectator,-62%,"R$ 11,39",84.26%,Feb 2023
490,Tentacle Girl,-40%,"R$ 4,19",84.26%,Feb 2020
491,Last Train Home,-50%,"R$ 53,99",84.24%,Nov 2023
492,Berserk Boy,-38%,"R$ 36,71",84.24%,Mar 2024
493,Drift Phonk 666,-50%,"R$ 1,74",84.23%,Apr 2021
494,Space Raiders in Space,-80%,"R$ 4,13",84.22%,Dec 2020
495,Love of Magic,-40%,"R$ 17,39",84.16%,Dec 2020
496,Borderlands 3,-90%,"R$ 11,99",84.13%,Mar 2020
497,Toy Tactics,-30%,"R$ 51,79",84.13%,Sep 2024
498,Booth: A Dystopian Adventure,-45%,"R$ 18,14",84.12%,Jul 2020
499,Gibbon: Beyond the Trees,-33%,"R$ 28,13",84.11%,May 2022
500,Hourglass,-80%,"R$ 7,59",84.09%,Oct 2021
501,AI War 2,-75%,"R$ 14,99",84.08%,Oct 2019
502,Slavistan,-80%,"R$ 2,09",84.05%,Jul 2016
503,ÈïúËä±È•¥ÊÉÖ Mirage Sugar Acacia,-25%,"R$ 7,86",84.04%,Apr 2024
504,Cat Cafe Manager,-60%,"R$ 23,99",84.00%,Apr 2022
505,Old Man's Journey,-50%,"R$ 13,24",84.00%,May 2017
506,Project Cappuccino,-25%,"R$ 35,24",83.99%,Nov 2019
507,Adventure Time: Pirates of the Enchiridion,-60%,"R$ 18,99",83.98%,Jul 2018
508,exclusive memory,-20%,"R$ 28,63",83.98%,Sep 2024
509,Helheim Hassle,-95%,"R$ 2,99",83.97%,Aug 2020
510,Late Shift,-53%,"R$ 22,08",83.96%,Apr 2017
511,Animal Shelter,-60%,"R$ 23,99",83.95%,Mar 2022
512,Êó•Êó•Â§úÂ§ú,-50%,"R$ 4,34",83.95%,Oct 2020
513,Witchtastic,-35%,"R$ 22,74",83.94%,Oct 2021
514,Temple Of Snek,-50%,"R$ 12,44",83.93%,Feb 2023
515,Scorchlands,-25%,"R$ 28,86",83.92%,Jul 2024
516,Kebab Chefs! - Restaurant Simulator,-40%,"R$ 32,99",83.89%,Jan 2024
517,Angry Video Game Nerd II: ASSimilation,-20%,"R$ 7,99",83.89%,Mar 2016
518,Regiments,-25%,"R$ 43,49",83.87%,Aug 2022
519,Monster Energy Supercross - The Official Videogame 3,-90%,"R$ 12,45",83.86%,Feb 2020
520,Dex,-90%,"R$ 3,69",83.83%,May 2015
521,Strategic Command WWII: War in Europe,-50%,"R$ 72,83",83.82%,Nov 2016
522,They Are Billions,-10%,"R$ 53,09",83.82%,Jun 2019
523,Lamplight City,-8%,"R$ 40,35",83.81%,Sep 2018
524,Farmer's Life,-53%,"R$ 37,69",83.78%,Oct 2023
525,Knights of Pen and Paper 2,-75%,"R$ 7,24",83.76%,Oct 2015
526,Merchant of the Six Kingdoms,-50%,"R$ 23,49",83.76%,Jun 2023
527,DEEMO -Reborn-,-40%,"R$ 28,49",83.74%,Sep 2020
528,Rule the Waves 3,-40%,"R$ 64,79",83.73%,May 2023
529,Colony Ship: A Post-Earth Role Playing Game,-40%,"R$ 64,79",83.72%,Nov 2023
530,Niche - a genetics survival game,-60%,"R$ 21,99",83.71%,Sep 2016
531,Endless Fables: The Minotaur's Curse,-80%,"R$ 9,39",83.69%,Dec 2016
532,WAGAMAMA HIGH SPEC,-50%,"R$ 53,99",83.64%,Jul 2017
533,Mad Nords: Probably an Epic Quest,-80%,"R$ 4,09",83.63%,Dec 2016
534,My Friend Stalin,-50%,"R$ 1,74",83.63%,Jun 2021
535,Tobla - Divine Path,-25%,"R$ 19,86",83.62%,Mar 2024
536,Âí´Â∞∫ÈÅ•ÂøÉ-Proof of existence,-20%,"R$ 8,39",83.62%,Aug 2024
537,Ozymandias: Bronze Age Empire Sim,-50%,"R$ 14,49",83.61%,Oct 2022
538,TFC: The Fertile Crescent,-40%,"R$ 17,39",83.58%,Jun 2024
539,Finnish Army Simulator,-34%,"R$ 58,73",83.57%,Jan 2023
540,È∏¢‰πãÊ≠å-Singing Iris,-60%,"R$ 4,35",83.55%,Jan 2021
541,Battle Ram,-95%,"R$ 4,44",83.52%,Jan 2023
542,The Disney Afternoon Collection,-75%,"R$ 9,99",83.52%,Apr 2017
543,Cornucopia¬Æ,-20%,"R$ 47,99",83.46%,Jul 2023
544,The Future Radio and the Artificial Pigeons,-30%,"R$ 62,29",83.43%,Feb 2023
545,The Plague Doctor of Wippra,-20%,"R$ 26,39",83.43%,Oct 2022
546,Prime of Flames,-35%,"R$ 25,99",83.42%,Dec 2022
547,Paper Dolls: Original / Á∫∏‰∫∫,-50%,"R$ 16,49",83.38%,Apr 2019
548,XCOM¬Æ 2,-95%,"R$ 4,99",83.35%,Feb 2016
549,Flipon,-50%,"R$ 6,89",83.35%,Oct 2020
550,In Other Waters,-75%,"R$ 11,74",83.34%,Apr 2020
551,Beat Hazard 2,-70%,"R$ 17,39",83.34%,Oct 2019
552,Christmas Adventure: Candy Storm,-65%,"R$ 2,44",83.34%,Apr 2016
553,GLAD VALAKAS TOWER DEFENCE,-50%,"R$ 1,74",83.30%,Dec 2018
554,Havendock,-60%,"R$ 19,99",83.26%,Apr 2023
555,IxSHE Tell,-50%,"R$ 44,49",83.26%,Aug 2020
556,Paradiso Guardian,-30%,"R$ 75,59",83.26%,Sep 2023
557,Age of Wonders Shadow Magic,-75%,"R$ 8,99",83.25%,Oct 2010
558,Hero of the Kingdom: The Lost Tales 2,-80%,"R$ 4,70",83.24%,Nov 2021
559,Tandem: A Tale of Shadows,-60%,"R$ 13,19",83.24%,Oct 2021
560,Necrosmith,-60%,"R$ 4,19",83.23%,Jul 2022
561,Queen's Quest 2: Stories of Forgotten Past,-75%,"R$ 11,74",83.20%,Feb 2017
562,The Matchless Kungfu,-20%,"R$ 47,99",83.15%,Nov 2024
563,Samorost 2,-80%,"R$ 2,99",83.09%,Dec 2009
564,OPUS: The Day We Found Earth,-50%,"R$ 23,49",83.09%,Apr 2016
565,Galaxy Trucker: Extended Edition,-50%,"R$ 10,34",83.07%,Mar 2019
566,Space Docker VR,-66%,"R$ 9,85",83.06%,Dec 2021
567,Rock 'N' Roll Defense,-50%,"R$ 1,74",83.05%,Aug 2016
568,Jets'n'Guns Gold,-70%,"R$ 7,94",83.03%,Feb 2014
569,Darkness and Flame: Born of Fire Collector's Edition,-50%,"R$ 16,49",83.01%,Dec 2016
570,ECO HOLE,-92%,"R$ 2,63",82.95%,Oct 2021
571,Choice of Life: Wild Islands,-15%,"R$ 19,97",82.95%,Sep 2024
572,Ancient Enemy,-75%,"R$ 11,74",82.93%,Apr 2020
573,WW2 Rebuilder,-28%,"R$ 59,92",82.90%,Jan 2023
574,Mini Settlers,-20%,"R$ 26,39",82.90%,Aug 2024
575,Puzzler World,-70%,"R$ 2,54",82.87%,May 2010
576,Cooking Simulator,-60%,"R$ 23,99",82.87%,Jun 2019
577,Stolen Realm,-50%,"R$ 29,99",82.84%,Mar 2024
578,Pluviophile,-50%,"R$ 1,74",82.82%,Jun 2020
579,Warlock - Master of the Arcane,-75%,"R$ 22,49",82.80%,May 2012
580,Five Dates,-47%,"R$ 24,90",82.80%,Nov 2020
581,Sven - Completely Screwed,-50%,"R$ 23,49",82.77%,Aug 2023
582,Far Cry¬Æ 4,-80%,"R$ 17,99",82.75%,Nov 2014
583,Basements n' Basilisks: Storms of Sorcery,-35%,"R$ 6,81",82.73%,Feb 2023
584,Endless Fables 2: Frozen Path,-75%,"R$ 7,24",82.71%,Nov 2017
585,Angry Putin,-10%,"R$ 2,06",82.66%,Feb 2021
586,ÁõÆÁõ≤/Blind,-25%,"R$ 4,86",82.64%,Nov 2022
587,Lolita Expedition,-25%,"R$ 23,54",82.64%,Jan 2022
588,Zorbus,-30%,"R$ 14,34",82.63%,Sep 2022
589,Instant Farmer - Logic Puzzle,-30%,"R$ 4,89",82.63%,Feb 2021
590,Of Life and Land,-25%,"R$ 55,49",82.62%,Apr 2024
591,Zeliria Sanctuary,-50%,"R$ 10,34",82.61%,Jan 2019
592,MHRD,-20%,"R$ 15,99",82.61%,Jan 2017
593,Demon Hunter 3: Revelation,-75%,"R$ 11,74",82.60%,Dec 2016
594,LEGIE,-50%,"R$ 3,49",82.54%,Sep 2007
595,Death Live,-45%,"R$ 1,91",82.52%,Sep 2019
596,Nature And Life - Drunk On Nectar,-20%,"R$ 22,39",82.50%,Nov 2016
597,Skybolt Zack,-75%,"R$ 7,74",82.45%,Nov 2019
598,Eastward,-50%,"R$ 36,99",82.44%,Sep 2021
599,Inside My Radio,-80%,"R$ 9,39",82.38%,May 2015
600,‰ªé0ÂºÄÂßãÁöÑVUPÁîüÊ¥ª,-12%,"R$ 41,35",82.35%,Nov 2024
601,Lemon Cake,-50%,"R$ 14,49",82.33%,Feb 2021
602,Pocket Stables,-36%,"R$ 11,89",82.28%,Sep 2022
603,Espresso Tycoon,-63%,"R$ 29,59",82.26%,Jun 2023
604,ÊÅãÁà±ÂÖ≥Á≥ª/Romance,-40%,"R$ 5,21",82.25%,Sep 2021
605,Super Dungeon Maker,-59%,"R$ 24,59",82.21%,May 2023
606,Hot Shot Burn,-75%,"R$ 11,74",82.19%,Jan 2020
607,Home Behind,-78%,"R$ 4,50",82.18%,Jun 2016
608,Out of Line,-60%,"R$ 10,59",82.16%,Jun 2021
609,The Juicer,-90%,"R$ 3,57",82.15%,Sep 2012
610,BATTLETECH,-75%,"R$ 35,99",82.14%,Apr 2018
611,Cook-Out,-50%,"R$ 18,99",82.11%,Apr 2021
612,Sacred Gold,-75%,"R$ 4,99",82.08%,Aug 2006
613,Peculiar Tales of Mid-Lake Pavilion,-50%,"R$ 6,89",82.08%,Dec 2021
614,ÁîúÈªûÁéãÂ≠ê2 ÂÖ∏ËóèÁâà,-30%,"R$ 33,60",82.07%,May 2022
615,The Preposterous Awesomeness of Everything,-60%,"R$ 8,39",82.06%,Feb 2016
616,CYBRID,-30%,"R$ 20,29",82.04%,Nov 2021
617,Wire Lips,-92%,"R$ 2,63",82.03%,Jan 2020
618,Tom Clancy's Rainbow Six¬Æ Vegas 2,-75%,"R$ 7,49",82.03%,Apr 2008
619,Dream Date,-50%,"R$ 2,24",82.01%,May 2020
620,PUSH,-50%,"R$ 3,49",81.98%,Oct 2017
621,"Gremlins, Inc.",-80%,"R$ 9,99",81.97%,Mar 2016
622,Union of Gnomes,-10%,"R$ 42,29",81.90%,Jul 2024
623,Lost in Secular Love,-45%,"R$ 10,99",81.86%,Oct 2016
624,Barro 2020,-8%,"R$ 4,02",81.85%,Nov 2019
625,Conscious Existence - A Journey Within,-80%,"R$ 3,39",81.84%,Jun 2019
626,Knight Bewitched,-60%,"R$ 6,79",81.83%,Apr 2018
627,Seek Girl:Fog ‚Ö†,-50%,"R$ 6,89",81.79%,Aug 2020
628,Rytmik Ultimate,-70%,"R$ 16,49",81.78%,Dec 2015
629,Mythic Wonders: The Philosopher's Stone,-75%,"R$ 11,74",81.76%,Apr 2016
630,Delicious - Emily's Christmas Carol,-30%,"R$ 41,99",81.75%,Nov 2016
631,Nothing,-50%,"R$ 2,24",81.74%,Mar 2021
632,Kon's Lesson!,-20%,"R$ 26,39",81.69%,Dec 2023
633,Fibrillation HD,-50%,"R$ 4,95",81.67%,Apr 2017
634,"Planes, Bullets and Vodka",-50%,"R$ 1,74",81.65%,Dec 2016
635,Rebirth! New Lover,-10%,"R$ 26,99",81.63%,Aug 2024
636,Mystwood Manor,-20%,"R$ 39,99",81.61%,Sep 2022
637,BLACKHOLE,-90%,"R$ 2,99",81.56%,Feb 2015
638,Path of Sin: Greed,-70%,"R$ 14,09",81.56%,Aug 2018
639,West Sweety,-50%,"R$ 2,24",81.56%,Dec 2019
640,Repair this!,-35%,"R$ 16,25",81.56%,Apr 2024
641,Umfend,-90%,"R$ 3,29",81.51%,Oct 2018
642,Ancient Warfare: The Han Dynasty,-20%,"R$ 41,99",81.51%,Sep 2023
643,The Colonists,-55%,"R$ 21,37",81.45%,Oct 2018
644,Main Assembly,-80%,"R$ 11,99",81.43%,Jan 2021
645,Keylocker | Turn Based Cyberpunk Action,-10%,"R$ 53,99",81.39%,Sep 2024
646,Golden Lap,-15%,"R$ 39,94",81.36%,Sep 2024
647,Star Traders: Frontiers,-50%,"R$ 23,49",81.34%,Aug 2018
648,SHUFFLE! Episode 2 ~Kami ni mo Akuma ni mo Nerawareteiru Otoko~,-44%,"R$ 49,83",81.30%,Mar 2023
649,Soulash 2,-20%,"R$ 31,99",81.30%,Dec 2023
650,FixFox,-70%,"R$ 8,69",81.28%,Mar 2022
651,Into The Flames,-39%,"R$ 36,79",81.28%,Jan 2023
652,METALLIC CHILD,-40%,"R$ 44,97",81.24%,Sep 2021
653,Mutropolis,-35%,"R$ 35,10",81.24%,Feb 2021
654,The Agnietta ~The holy healer & the cursed dungeon~,-25%,"R$ 24,74",81.23%,Apr 2023
655,Pocket League Story,-42%,"R$ 10,78",81.22%,Aug 2022
656,Flowstone Saga,-20%,"R$ 43,99",81.18%,Sep 2024
657,On Rusty Trails,-85%,"R$ 7,04",81.17%,Jun 2016
658,Isonzo,-50%,"R$ 84,95",81.17%,Sep 2022
659,Èõ∂Â≤ÅÁöÑÊòüÂÖâ,-30%,"R$ 7,34",81.17%,May 2023
660,Irony Curtain: From Matryoshka with Love,-75%,"R$ 14,99",81.16%,May 2019
661,Hello Goodboy,-67%,"R$ 15,50",81.16%,May 2023
662,CHUCHEL,-80%,"R$ 4,99",81.15%,Mar 2018
663,Sir Whoopass‚Ñ¢: Immortal Death,-50%,"R$ 16,49",81.15%,Aug 2022
664,Spirittea,-30%,"R$ 41,99",81.13%,Nov 2023
665,Clock Simulator,-80%,"R$ 2,75",81.11%,Jul 2016
666,Remember Me,-80%,"R$ 9,99",81.10%,Jun 2013
667,Vagrus - The Riven Realms,-40%,"R$ 56,99",81.08%,Oct 2021
668,Starship EVO,-40%,"R$ 35,99",81.08%,Jun 2020
669,Gordian Rooms 1: A curious heritage,-75%,"R$ 5,12",81.06%,Sep 2020
670,Funny Truck,-50%,"R$ 1,74",81.00%,Jul 2021
671,"Rolling Hills: Make Sushi, Make Friends",-20%,"R$ 37,59",80.98%,Jun 2024
672,Chameleon Run Deluxe Edition,-80%,"R$ 4,09",80.97%,Aug 2019
673,Demon Hunter 5: Ascendance,-70%,"R$ 8,69",80.92%,Apr 2019
674,Solo leeching~35-Year-Old Magician Journey,-20%,"R$ 28,63",80.90%,Jun 2024
675,Tchia,-50%,"R$ 51,00",80.89%,Mar 2024
676,Ash of Gods: The Way,-33%,"R$ 49,93",80.86%,Apr 2023
677,Mail Time,-60%,"R$ 23,99",80.85%,Apr 2023
678,Growbot,-39%,"R$ 33,94",80.83%,Oct 2021
679,Soviet Hentai,-50%,"R$ 1,74",80.82%,Mar 2021
680,SAMOLIOTIK,-90%,"R$ 1,74",80.79%,Mar 2016
681,Wargroove,-70%,"R$ 17,99",80.78%,Feb 2019
682,Braveland Pirate,-80%,"R$ 9,39",80.77%,Sep 2015
683,GOODBYE WORLD,-30%,"R$ 17,42",80.73%,Nov 2022
684,Alpacapaca Dash,-30%,"R$ 2,44",80.70%,Jan 2017
685,The Secret Order 3: Ancient Times,-75%,"R$ 11,74",80.67%,Mar 2016
686,TasteMaker,-40%,"R$ 15,59",80.66%,Apr 2023
687,Destropolis,-85%,"R$ 1,85",80.63%,Aug 2020
688,Becastled,-20%,"R$ 37,59",80.62%,Feb 2021
689,Seek Girl ‚Ö¢,-50%,"R$ 1,74",80.58%,Dec 2019
690,Souls of White Star,-60%,"R$ 18,79",80.57%,Mar 2023
691,Monster Hunter Stories 2: Wings of Ruin,-25%,"R$ 126,75",80.57%,Jul 2021
692,Will Glow the Wisp,-72%,"R$ 1,95",80.56%,Sep 2017
693,Cyberhunt,-50%,"R$ 1,74",80.54%,May 2017
694,Barro 22,-90%,"R$ 1,74",80.48%,Nov 2021
695,Paint Girl,-50%,"R$ 2,24",80.42%,Sep 2020
696,Nodes Escape,-25%,"R$ 5,24",80.41%,Jul 2023
697,Computer Tycoon,-20%,"R$ 30,39",80.41%,Oct 2017
698,Barro F22,-8%,"R$ 4,02",80.40%,Apr 2022
699,Terra Randoma,-35%,"R$ 18,84",80.35%,May 2024
700,In the Raven Shadow,-80%,"R$ 2,75",80.31%,Jul 2017
701,üëëIdle CaliburÔºöZeroüíïÔºàÈÄâÁéã‰πãÂâëÔºöÈõ∂Ôºâ,-10%,"R$ 32,21",80.30%,Nov 2024
702,Unrailed 2: Back on Track,-10%,"R$ 56,70",80.30%,Nov 2024
703,BioShock‚Ñ¢ Remastered,-75%,"R$ 7,49",80.29%,Sep 2016
704,Space War: Infinity,-72%,"R$ 1,95",80.29%,May 2019
705,Barro F,-8%,"R$ 4,02",80.28%,Feb 2020
706,Barn Finders,-45%,"R$ 20,89",80.25%,Jun 2020
707,WHAT THE CAR?,-30%,"R$ 41,99",80.23%,Sep 2024
708,MONSTER HUNTER RISE,-75%,"R$ 34,97",80.22%,Jan 2022
709,NEBULOUS: Fleet Command,-50%,"R$ 34,99",80.22%,Feb 2022
710,Barro Racing,-90%,"R$ 1,74",80.20%,Sep 2020
711,Warstone TD,-75%,"R$ 7,24",80.18%,May 2018
712,My First Femboy Date,-33%,"R$ 2,33",80.18%,Aug 2022
713,Fugl,-50%,"R$ 9,99",80.16%,Sep 2017
714,Rogue Empire: Dungeon Crawler RPG,-50%,"R$ 24,49",80.15%,Jan 2019
715,Anonymous Hacker Simulator,-18%,"R$ 59,57",80.15%,Apr 2024
716,Arma 2,-80%,"R$ 6,99",80.13%,‚Äî
717,Shapelab 2024,-30%,"R$ 122,49",80.13%,Jul 2023
718,ShapeHero Factory,-10%,"R$ 52,19",80.08%,Nov 2024
719,Manual Samuel - Anniversary Edition,-71%,"R$ 18,38",80.03%,Oct 2016
720,Coffee Shop Tycoon,-60%,"R$ 13,19",80.02%,Dec 2022
721,Mary Le Chef - Cooking Passion,-30%,"R$ 34,99",80.02%,Jun 2017
722,Imperiums: Greek Wars,-68%,"R$ 25,59",80.01%,Jul 2020
723,Rogue Tower,-35%,"R$ 18,84",80.01%,Jan 2022
724,Sonority,-35%,"R$ 38,98",80.01%,May 2022
725,My Beautiful Paper Smile,-50%,"R$ 14,49",79.99%,Oct 2021
726,The Settlers¬Æ : Heritage of Kings - History Edition,-50%,"R$ 17,99",79.99%,Jan 2019
727,Microcosmum: survival of cells,-50%,"R$ 13,24",79.99%,Jul 2018
728,Guards,-60%,"R$ 4,19",79.96%,Aug 2016
729,The Emerald Maiden: Symphony of Dreams,-75%,"R$ 11,74",79.93%,Feb 2016
730,Hello Lady! - Complete Edition,-38%,"R$ 55,17",79.90%,Jan 2022
731,Pets Hotel,-41%,"R$ 53,71",79.88%,Apr 2023
732,ZERO PROTOCOL,-15%,"R$ 32,71",79.87%,Sep 2024
733,My Riding Stables: Life with Horses,-50%,"R$ 14,49",79.86%,Mar 2014
734,Marvel's Midnight Suns,-85%,"R$ 44,98",79.85%,Dec 2022
735,Aquarist,-53%,"R$ 27,35",79.84%,Mar 2024
736,Let's play Cards Baccarat,-86%,"R$ 2,37",79.81%,Sep 2024
737,Cyber Avenger,-18%,"R$ 13,34",79.81%,Jan 2024
738,MidBoss,-67%,"R$ 15,50",79.78%,May 2017
739,Puzzle - LINES AND KNOTS,-22%,"R$ 13,25",79.77%,Mar 2020
740,Yuletide Legends: Who Framed Santa Claus,-70%,"R$ 14,09",79.74%,Dec 2019
741,Puzzle With Your Friends,-50%,"R$ 6,44",79.74%,Apr 2018
742,The Mean Greens - Plastic Warfare,-90%,"R$ 2,06",79.73%,Dec 2015
743,Knightin'+,-50%,"R$ 10,24",79.71%,Jul 2019
744,Psebay,-65%,"R$ 6,99",79.64%,Jul 2017
745,Copycat,-20%,"R$ 31,99",79.62%,Sep 2024
746,REPLIKATOR,-70%,"R$ 7,46",79.61%,May 2022
747,Peglin,-30%,"R$ 41,99",79.61%,Aug 2024
748,Frozen Synapse,-50%,"R$ 22,99",79.58%,May 2011
749,Drill Core,-20%,"R$ 43,99",79.57%,Sep 2024
750,Zipp's Caf√©,-30%,"R$ 9,65",79.55%,Nov 2023
751,Ceress and Orea,-60%,"R$ 2,79",79.51%,Apr 2018
752,Xuan-Yuan Sword 2,-50%,"R$ 5,44",79.51%,Feb 1994
753,Druidstone: The Secret of the Menhir Forest,-82%,"R$ 8,54",79.50%,May 2019
754,Sore wa Maichiru Sakura no You ni -Re:BIRTH-,-30%,"R$ 75,59",79.50%,Jun 2024
755,Lyndaria: Lust Adventure,-20%,"R$ 37,59",79.49%,Sep 2024
756,Êí©Â¶πÊ®°ÊãüÂô®ÔºöÊ∏£Áî∑ÁöÑÁßòÂØÜ,-25%,"R$ 17,62",79.44%,May 2024
757,Karate Survivor,-10%,"R$ 15,29",79.44%,Oct 2024
758,Cafeteria Nipponica,-40%,"R$ 11,15",79.42%,Jul 2022
759,Blue Wednesday,-60%,"R$ 19,99",79.41%,Aug 2023
760,Goosebumps: The Game,-90%,"R$ 2,06",79.36%,Oct 2015
761,Rytmik Studio,-70%,"R$ 26,69",79.36%,Nov 2017
762,Telepath Tactics Liberated,-50%,"R$ 23,74",79.33%,Mar 2022
763,Intensive Exposure,-90%,"R$ 1,79",79.31%,Sep 2016
764,Gladiator Guild Manager,-50%,"R$ 23,49",79.31%,Jun 2024
765,Puzzle - STONE BLOCKS,-22%,"R$ 27,91",79.31%,Dec 2020
766,Fantasy of Caocao 2,-30%,"R$ 20,99",79.29%,Nov 2023
767,Â∞ëÂ•≥ÁöÑÊ±ÇÁîü‰πãË∑Ø,-30%,"R$ 7,62",79.28%,Feb 2020
768,Wizardry: The Five Ordeals,-15%,"R$ 91,79",79.27%,Oct 2023
769,Thought Experiment Simulator,-20%,"R$ 13,59",79.24%,Jul 2024
770,ÂÆåÁæéÊÅã‰∫∫~fragile love,-15%,"R$ 8,91",79.24%,Aug 2024
771,BBQ Simulator: The Squad,-55%,"R$ 6,20",79.23%,May 2022
772,Siralim,-55%,"R$ 14,84",79.23%,Apr 2015
773,Let's play Cards Solitaire,-86%,"R$ 2,37",79.20%,Sep 2024
774,Tom Clancy‚Äôs Splinter Cell Blacklist,-75%,"R$ 22,49",79.17%,Aug 2013
775,The Age of Decadence,-60%,"R$ 18,79",79.17%,Oct 2015
776,HunterX,-50%,"R$ 14,49",79.16%,Apr 2022
777,Mirror of Heaven,-40%,"R$ 15,89",79.12%,Jun 2024
778,Strategic Command WWII: World at War,-60%,"R$ 58,26",79.06%,Dec 2018
779,Braveland,-90%,"R$ 3,29",79.03%,Mar 2014
780,Innocent Grape,-20%,"R$ 18,80",79.02%,Jun 2024
781,AI War: Fleet Command,-75%,"R$ 8,24",79.00%,Oct 2009
782,Èõ™Âá§Â±± Secret Opera,-20%,"R$ 13,59",78.99%,Jun 2024
783,Last Resort Island,-88%,"R$ 2,23",78.98%,Jun 2018
784,Lunar Mirror:The Pavilion of Desire,-27%,"R$ 15,10",78.97%,Mar 2023
785,Lost,-63%,"R$ 2,58",78.96%,Oct 2019
786,Fatermyth,-30%,"R$ 23,09",78.91%,Apr 2024
787,Old World,-50%,"R$ 49,99",78.83%,May 2022
788,8-Bit Armies,-50%,"R$ 23,49",78.82%,Apr 2016
789,Nightmare Knight ~Sacred Maiden & Fallen Magic~,-10%,"R$ 49,49",78.79%,Nov 2024
790,Plunder Panic,-50%,"R$ 16,49",78.78%,Sep 2022
791,The Lord of the Rings: Return to Moria‚Ñ¢,-33%,"R$ 49,57",78.78%,Aug 2024
792,The Magical Mixture Mill,-33%,"R$ 53,59",78.76%,Mar 2024
793,Switchball HD,-33%,"R$ 12,45",78.74%,May 2021
794,Thriving City: Song,-30%,"R$ 40,59",78.72%,May 2024
795,Oriental Valley,-35%,"R$ 35,74",78.71%,Apr 2024
796,Psycho Starship Rampage,-75%,"R$ 4,99",78.65%,Sep 2015
797,Lost2,-37%,"R$ 19,52",78.65%,Sep 2022
798,Princess&Blade,-20%,"R$ 20,80",78.65%,Jul 2021
799,Shut Up and Dance: Special Edition,-15%,"R$ 46,74",78.65%,May 2024
800,Beyond Sunset,-42%,"R$ 32,29",78.64%,Nov 2023
801,PowerBeatsVR - VR Fitness,-30%,"R$ 26,59",78.62%,Nov 2020
802,Barro GT,-74%,"R$ 12,51",78.60%,May 2022
803,Warhammer: End Times - Vermintide,-95%,"R$ 6,09",78.57%,Oct 2015
804,Cooking Simulator VR,-40%,"R$ 28,49",78.56%,Jul 2021
805,I made a FEMBOY SQUIRT!,-33%,"R$ 2,33",78.56%,Apr 2024
806,Heroine Anthem Zero 2 : Scalescars Oath,-40%,"R$ 22,79",78.55%,Feb 2022
807,Seek Girl ‚Ö°,-50%,"R$ 1,74",78.49%,Oct 2019
808,Femboy Bangers - Pub & Grill,-33%,"R$ 2,33",78.49%,Apr 2021
809,Retro/Grade,-75%,"R$ 4,99",78.45%,Mar 2013
810,Oneiros,-70%,"R$ 5,09",78.42%,Mar 2020
811,Ocean Keeper: Dome Survival,-50%,"R$ 13,24",78.39%,Jul 2024
812,Siege of Dungeon,-30%,"R$ 29,39",78.35%,Nov 2023
813,Eventide 3: Legacy of Legends,-70%,"R$ 14,09",78.28%,Sep 2017
814,Ëû¢ÂπïÂà§ÂÆò Behind the Screen,-40%,"R$ 11,99",78.23%,Apr 2018
815,Koi-Koi VR: Love Blossoms,-50%,"R$ 81,00",78.22%,Oct 2022
816,Ministry of Broadcast,-50%,"R$ 24,99",78.18%,Jan 2020
817,Arma 2: British Armed Forces,-80%,"R$ 4,99",78.17%,Aug 2010
818,Chimpology,-61%,"R$ 1,75",78.13%,Jun 2017
819,Sovereign Syndicate,-30%,"R$ 41,99",78.13%,Jan 2024
820,Strategic Command: American Civil War,-60%,"R$ 58,26",78.12%,Jul 2022
821,Strike Force Heroes,-30%,"R$ 41,99",78.12%,Nov 2023
822,aMAZE,-72%,"R$ 1,95",78.10%,Mar 2017
823,Indoorlands,-60%,"R$ 23,19",78.09%,Oct 2022
824,Terra Invicta,-35%,"R$ 64,99",78.08%,Sep 2022
825,Lost Planet‚Ñ¢: Extreme Condition,-77%,"R$ 5,74",78.06%,Jun 2007
826,Dungeons & Dragons: Chronicles of Mystara,-67%,"R$ 8,24",78.06%,Jun 2013
827,Synergy,-30%,"R$ 51,79",78.05%,May 2024
828,Time Mysteries 3: The Final Enigma,-75%,"R$ 11,74",77.97%,Jan 2013
829,Âè§ÂâëÂ•áË∞≠(GuJian),-50%,"R$ 11,99",77.97%,Jul 2010
830,Another Farm Roguelike,-50%,"R$ 5,24",77.93%,Nov 2022
831,Airline Tycoon Deluxe,-80%,"R$ 6,59",77.92%,Aug 1998
832,Xuan-Yuan Sword: Mists Beyond the Mountains,-50%,"R$ 22,24",77.92%,Jul 2023
833,Factory Outlet Simulator,-25%,"R$ 26,24",77.90%,Sep 2024
834,Volley Court,-40%,"R$ 12,29",77.87%,Nov 2022
835,Last Dream,-70%,"R$ 9,89",77.86%,Mar 2014
836,TrackMania¬≤ Canyon,-50%,"R$ 29,99",77.85%,Sep 2011
837,Rogue Waters,-20%,"R$ 71,19",77.84%,Sep 2024
838,Shadowhand: RPG Card Game,-75%,"R$ 11,74",77.80%,Dec 2017
839,MILF HUNTER,-72%,"R$ 1,95",77.80%,Apr 2022
840,Dexodonex,-90%,"R$ 1,74",77.79%,Dec 2016
841,Aurora Nights,-20%,"R$ 1,75",77.78%,May 2016
842,Burger Bistro Story,-40%,"R$ 11,15",77.74%,Jan 2023
843,Planet Centauri,-10%,"R$ 22,49",77.72%,Jun 2016
844,Hardware Engineers,-50%,"R$ 14,49",77.70%,Apr 2019
845,Spirit Realm,-11%,"R$ 46,71",77.70%,Jun 2024
846,Prison City,-20%,"R$ 15,99",77.68%,Aug 2023
847,STRIDER‚Ñ¢ / „Çπ„Éà„É©„Ç§„ÉÄ„ÉºÈ£õÁ´ú¬Æ,-70%,"R$ 7,49",77.67%,Feb 2014
848,Snowballs,-50%,"R$ 1,74",77.66%,Nov 2020
849,Pirates: Golden tits: Chapter 1,-25%,"R$ 12,74",77.66%,Nov 2024
850,Oriental Empires,-80%,"R$ 17,79",77.65%,Sep 2017
851,KAMIMAHOU Á•û‰πãÂõΩÁöÑÈ≠îÊ≥ï‰Ωø,-35%,"R$ 57,84",77.62%,Aug 2023
852,ÂØåÁî≤Â§©‰∏ã3,-28%,"R$ 19,07",77.61%,Jan 2023
853,Hentai Zodiac Puzzle 2,-50%,"R$ 1,74",77.60%,Oct 2019
854,My Stepbro is a Femboy,-33%,"R$ 2,33",77.60%,Aug 2022
855,Queen's Wish: The Conqueror,-60%,"R$ 15,19",77.57%,Sep 2019
856,Feather,-80%,"R$ 6,59",77.55%,Apr 2019
857,Starblast,-25%,"R$ 14,99",77.55%,Nov 2017
858,ARMA: Cold War Assault,-80%,"R$ 3,99",77.54%,Aug 2011
859,Chaos Galaxy 2,-40%,"R$ 35,99",77.54%,Jan 2023
860,The Endless Journey,-40%,"R$ 12,41",77.52%,Jan 2018
861,Corruption Town,-15%,"R$ 39,94",77.49%,Nov 2024
862,X-Fitness,-50%,"R$ 18,99",77.46%,Dec 2020
863,Imagine Earth,-55%,"R$ 33,29",77.43%,May 2021
864,Tribe: Primitive Builder,-28%,"R$ 59,92",77.43%,Oct 2023
865,Square n Fair,-83%,"R$ 2,34",77.36%,Jan 2017
866,House Builder,-51%,"R$ 31,90",77.35%,Jan 2024
867,Pile Up!,-40%,"R$ 14,99",77.35%,Jun 2023
868,Lords of Xulima,-50%,"R$ 18,49",77.34%,Nov 2014
869,ÈòøÊØîÊñØÁöÑÂÆùËóè - Treasure of abyss,-80%,"R$ 2,89",77.33%,Sep 2018
870,Silent Sector,-70%,"R$ 14,09",77.33%,Feb 2021
871,Select Oblige,-25%,"R$ 66,74",77.33%,Nov 2024
872,Nya Nya Nya Girls ( ª ª ª)_(=^ÔΩ•œâÔΩ•^=)_( ª ª ª),-50%,"R$ 1,74",77.31%,Dec 2018
873,Our End of the World,-40%,"R$ 14,99",77.31%,Nov 2017
874,Citizens: Far Lands,-35%,"R$ 19,49",77.31%,Jul 2022
875,Xenonauts 2,-35%,"R$ 64,99",77.30%,Jul 2023
876,Bartender Hustle,-40%,"R$ 28,19",77.21%,May 2022
877,Capitalism 2,-19%,"R$ 18,18",77.20%,Dec 2001
878,Miss Neko: Pirates,-10%,"R$ 12,41",77.18%,Mar 2024
879,Arma 2: Private Military Company,-80%,"R$ 4,99",77.14%,Nov 2010
880,Ancestors Legacy,-90%,"R$ 10,19",77.04%,May 2018
881,Fading Afternoon,-40%,"R$ 35,99",77.02%,Sep 2023
882,Moons Of Darsalon,-30%,"R$ 41,76",77.01%,Apr 2023
883,Mimpi,-70%,"R$ 2,51",76.99%,Jan 2015
884,‰ª§ÂíåÁΩïËßÅÁâ©ËØ≠,-45%,"R$ 9,34",76.96%,Dec 2023
885,Warlords Under Siege,-35%,"R$ 14,94",76.95%,Dec 2022
886,Songs of Wuxia,-50%,"R$ 6,89",76.94%,Sep 2020
887,STRAY KITTEN,-50%,"R$ 1,74",76.92%,Feb 2021
888,The Wraith of the Galaxy,-18%,"R$ 13,34",76.92%,Feb 2023
889,Dust to the End,-67%,"R$ 13,86",76.89%,Aug 2021
890,Dead Effect 2 VR,-25%,"R$ 45,64",76.88%,Oct 2017
891,#DRIVE Rally,-20%,"R$ 31,99",76.88%,Sep 2024
892,Teenage Mutant Ninja Turtles: Splintered Fate,-10%,"R$ 58,49",76.88%,Nov 2024
893,Nine Tereasures of Liuyin,-28%,"R$ 46,63",76.87%,Aug 2024
894,Chronicles of Magic: Divided Kingdoms,-70%,"R$ 14,09",76.86%,Mar 2018
895,Spells & Secrets,-62%,"R$ 38,49",76.81%,Nov 2023
896,Arma: Cold War Assault Mac/Linux,-80%,"R$ 3,99",76.80%,Mar 2017
897,Return from Core,-25%,"R$ 39,36",76.79%,Dec 2023
898,Journey to the West Survivor,-50%,"R$ 10,24",76.77%,Mar 2024
899,Keyword: A Spider's Thread,-25%,"R$ 24,74",76.75%,Sep 2021
900,Aggressors: Ancient Rome,-81%,"R$ 16,90",76.74%,Aug 2018
901,Pixel Gladiator,-83%,"R$ 1,78",76.73%,Sep 2017
902,Sailing Era,-35%,"R$ 48,09",76.73%,Jan 2023
903,Time to Morp,-33%,"R$ 44,20",76.68%,Mar 2024
904,Hot And Lovely ÔºöCharm,-20%,"R$ 5,59",76.68%,Feb 2023
905,Age of Wonders II: The Wizard's Throne,-75%,"R$ 8,99",76.67%,Oct 2010
906,ÊåÇÂß¨ÊÅ∂È≠î IDLE DEVILS,-20%,"R$ 11,03",76.67%,Jan 2024
907,Agent in Depth,-55%,"R$ 4,72",76.62%,Jan 2024
908,Fantasy Quest Solitaire,-88%,"R$ 2,23",76.61%,Jan 2018
909,RUSLICSTAN INVADES,-60%,"R$ 13,19",76.60%,Sep 2023
910,The Secret Order 5: The Buried Kingdom,-70%,"R$ 14,09",76.59%,Apr 2017
911,Avadon: The Black Fortress,-70%,"R$ 5,99",76.59%,Aug 2011
912,Achilles: Legends Untold,-45%,"R$ 40,69",76.55%,Nov 2023
913,Sinister Halloween,-9%,"R$ 21,85",76.49%,Oct 2019
914,Mech Armada,-80%,"R$ 7,59",76.48%,Jun 2022
915,Barro,-74%,"R$ 12,51",76.45%,Mar 2018
916,Melody/ÂøÉË∑≥ÊóãÂæã,-55%,"R$ 3,91",76.44%,Dec 2020
917,Chaos Galaxy,-60%,"R$ 18,79",76.43%,Jun 2020
918,Rhythm Fighter,-45%,"R$ 15,94",76.42%,May 2020
919,Alex Kidd in Miracle World DX,-44%,"R$ 32,44",76.42%,Jun 2021
920,Byte Family,-90%,"R$ 1,74",76.38%,Oct 2016
921,TrackMania¬≤ Valley,-50%,"R$ 29,99",76.37%,Jul 2013
922,Combo Card Clashers,-25%,"R$ 28,86",76.36%,May 2024
923,Northmark: Hour of the Wolf,-70%,"R$ 9,89",76.32%,Aug 2014
924,Taboos: Cracks,-50%,"R$ 1,74",76.29%,May 2019
925,Vigilantes,-60%,"R$ 11,59",76.26%,Oct 2018
926,Miner Warfare,-69%,"R$ 3,25",76.25%,Apr 2012
927,I got GOONED by a FEMBOY,-33%,"R$ 2,33",76.25%,Apr 2024
928,Nebuchadnezzar,-50%,"R$ 18,99",76.22%,Feb 2021
929,Beyond Good & Evil - 20th Anniversary Edition,-20%,"R$ 79,99",76.19%,Jun 2024
930,Uncharted Tides: Port Royal,-70%,"R$ 14,09",76.17%,Aug 2019
931,Hentai Zodiac Puzzle,-50%,"R$ 1,74",76.14%,May 2019
932,Cannibal Cuisine,-90%,"R$ 2,68",76.09%,May 2020
933,HSS:Reload,-21%,"R$ 23,69",76.07%,Sep 2024
934,The Secret Order 2: Masked Intent,-75%,"R$ 11,74",76.05%,Nov 2015
935,Soul Wargame,-45%,"R$ 21,99",76.05%,Jan 2023
936,CD 2: Trap Master,-25%,"R$ 35,24",76.01%,Mar 2024
937,Iron Sea Defenders,-28%,"R$ 12,79",75.96%,Sep 2016
938,Easy Red,-20%,"R$ 11,03",75.96%,Dec 2017
939,Among Ass,-90%,"R$ 1,74",75.92%,Dec 2020
940,‰∏âÂúãÁ´ãÂøóÂÇ≥3,-30%,"R$ 18,54",75.90%,Jul 2023
941,My Boss is a Futanari,-33%,"R$ 2,33",75.86%,Feb 2022
942,Defend Your Life: TD,-65%,"R$ 11,54",75.78%,Apr 2015
943,illie,-90%,"R$ 1,74",75.77%,Nov 2017
944,Shio,-66%,"R$ 8,15",75.77%,May 2017
945,Ecosystem,-30%,"R$ 26,59",75.77%,Nov 2024
946,Hentai Boy,-50%,"R$ 1,74",75.74%,May 2021
947,"SEX, BEACH & GIRLS ‚õ± üí¶",-25%,"R$ 17,62",75.70%,Aug 2024
948,Ten Dates,-35%,"R$ 32,49",75.68%,Feb 2023
949,1428: Shadows over Silesia,-66%,"R$ 20,39",75.67%,Oct 2022
950,MotoGP‚Ñ¢15,-90%,"R$ 7,45",75.65%,Jun 2015
951,TERRACOTTA,-75%,"R$ 14,99",75.64%,Nov 2022
952,Fairy Biography,-20%,"R$ 10,71",75.64%,May 2022
953,Dead Monarchy,-50%,"R$ 10,34",75.59%,May 2023
954,Trash Goblin,-10%,"R$ 42,29",75.56%,Nov 2024
955,ARIA CHRONICLE,-50%,"R$ 17,49",75.54%,Jul 2020
956,Skybreakers,-45%,"R$ 16,49",75.53%,Nov 2023
957,Capitalism Plus,-50%,"R$ 5,99",75.50%,Oct 1995
958,Femboys & Fries,-33%,"R$ 2,33",75.50%,Aug 2022
959,Shokudo Underworld,-20%,"R$ 16,39",75.50%,Sep 2024
960,Air Missions: HIND,-50%,"R$ 15,99",75.47%,Mar 2016
961,Party Animals,-40%,"R$ 38,97",75.46%,Sep 2023
962,Sumoman,-90%,"R$ 3,19",75.45%,Mar 2017
963,Clash of Chefs VR,-50%,"R$ 18,99",75.45%,Sep 2021
964,JQ: dogs & cats,-50%,"R$ 1,74",75.45%,Mar 2018
965,Femboy Bangers 2,-33%,"R$ 2,33",75.45%,Sep 2022
966,Animal Fight Club,-20%,"R$ 13,59",75.45%,Apr 2019
967,Hero of the Kingdom III,-85%,"R$ 4,94",75.44%,Aug 2018
968,Balrum,-50%,"R$ 15,49",75.42%,Mar 2016
969,MotoGP‚Ñ¢17,-90%,"R$ 7,45",75.38%,Jun 2017
970,Seven Kingdoms 2 HD,-60%,"R$ 13,19",75.38%,Feb 2015
971,Hidden Cats In Town,-30%,"R$ 4,89",75.37%,Apr 2023
972,My Yandere is a Futanari,-33%,"R$ 2,33",75.36%,Apr 2022
973,Anuchard,-75%,"R$ 11,74",75.33%,Apr 2022
974,Seek Girl ‚Ö•,-50%,"R$ 3,49",75.33%,Sep 2020
975,The Complex,-54%,"R$ 21,61",75.31%,Mar 2020
976,Soccer Player Simulator,-50%,"R$ 1,74",75.31%,Mar 2019
977,Brewmaster: Beer Brewing Simulator,-75%,"R$ 8,99",75.30%,Sep 2022
978,Ghost Files 2: Memory of a Crime,-70%,"R$ 14,09",75.28%,Nov 2019
979,Going Rogue,-50%,"R$ 20,99",75.13%,Nov 2022
980,Auto Sale Life,-20%,"R$ 17,59",75.13%,Sep 2024
981,Techtonica,-34%,"R$ 58,73",75.12%,Nov 2024
982,Ê±üÂçéÂè∑,-50%,"R$ 16,49",75.10%,Dec 2023
983,PalmRide,-24%,"R$ 11,11",75.10%,Sep 2021
984,Age of Wonders,-75%,"R$ 5,49",75.09%,Oct 2010
985,Maiden Cops,-20%,"R$ 26,39",75.09%,Sep 2024
986,Lumencraft,-75%,"R$ 14,99",75.07%,Feb 2023
987,63 Days,-26%,"R$ 70,47",75.06%,Sep 2024
988,Neko Candy Shop,-50%,"R$ 1,74",75.04%,Sep 2021
989,Not Without My Poop,-33%,"R$ 2,33",75.01%,Feb 2018
990,Villain's Legacy,-10%,"R$ 29,69",75.01%,Nov 2024
991,Scorn,-75%,"R$ 49,75",74.99%,Oct 2022
992,Zero Caliber VR,-60%,"R$ 22,39",74.99%,Jul 2023
993,Pathless Woods,-16%,"R$ 50,39",74.96%,Apr 2024
994,Vertical Kingdom,-20%,"R$ 47,99",74.95%,Apr 2024
995,The Third Day,-50%,"R$ 1,74",74.94%,Mar 2021
996,Âè§ÂâëÂ•áË∞≠‰∫å(GuJian2),-50%,"R$ 14,99",74.84%,Aug 2013
997,Femboys of the Phalanx,-33%,"R$ 2,33",74.83%,Apr 2021
998,Braveland Wizard,-80%,"R$ 6,59",74.82%,Dec 2014
999,Sagres,-50%,"R$ 29,99",74.79%,Sep 2023
1000,SEX with HITLER: WW2,-45%,"R$ 7,58",74.77%,Mar 2023
1001,Tavern of Gods,-48%,"R$ 14,04",74.76%,Aug 2021
1002,Karma City Police,-67%,"R$ 8,21",74.72%,Dec 2021
1003,Silica,-44%,"R$ 44,78",74.72%,May 2023
1004,Lost Eidolons: Veil of the Witch,-20%,"R$ 55,99",74.67%,Nov 2024
1005,Age of Gladiators,-70%,"R$ 5,99",74.65%,Feb 2016
1006,Family Mysteries 3: Criminal Mindset,-70%,"R$ 8,69",74.64%,Jul 2020
1007,Shattered Heaven,-50%,"R$ 29,99",74.64%,Nov 2023
1008,Second Front,-25%,"R$ 76,49",74.63%,Jan 2023
1009,Dead Drop,-90%,"R$ 1,74",74.56%,Apr 2017
1010,City of Beats,-70%,"R$ 17,99",74.54%,May 2023
1011,–°–ò–ú–£–õ–Ø–¢–û–† –û–î–ò–ù–û–ß–ï–°–¢–í–ê –í –†–£–°–°–ö–û–ô –î–ï–†–ï–í–ù–ï,-70%,"R$ 2,09",74.51%,Apr 2021
1012,NationWar2:Chronicle,-17%,"R$ 43,91",74.50%,Oct 2024
1013,Hot And Lovely 3,-25%,"R$ 5,24",74.46%,May 2020
1014,Sex Chess,-75%,"R$ 8,24",74.45%,Nov 2022
1015,The Shapeshifting Detective,-57%,"R$ 20,20",74.38%,Nov 2018
1016,OVER‚ÄßDeviL: Legend of the sacred stone,-25%,"R$ 35,24",74.38%,Oct 2023
1017,–î—Ä–µ–≤–Ω—è—è –†—É—Å—å,-50%,"R$ 2,14",74.31%,Apr 2017
1018,Ben 10: Power Trip,-50%,"R$ 28,99",74.30%,Oct 2020
1019,Slitterhead,-10%,"R$ 170,99",74.29%,Nov 2024
1020,Pathway,-70%,"R$ 14,99",74.28%,Apr 2019
1021,CARNAGE OFFERING,-55%,"R$ 14,84",74.28%,Apr 2022
1022,9 Years of Shadows,-50%,"R$ 29,99",74.27%,Mar 2023
1023,Super Dungeon Boy,-50%,"R$ 1,74",74.26%,Nov 2017
1024,Hot And Lovely 5,-20%,"R$ 5,59",74.24%,Aug 2022
1025,Marine Park Empire,-75%,"R$ 3,49",74.23%,Aug 2004
1026,Last Lovers ÁªøÊ¥≤‰πãÁà±,-40%,"R$ 11,15",74.22%,Mar 2022
1027,Eagle Island Twist,-20%,"R$ 15,99",74.22%,Jul 2019
1028,Medieval Kingdom Wars,-70%,"R$ 17,99",74.21%,Jan 2019
1029,Final Vendetta,-75%,"R$ 11,87",74.20%,Jun 2022
1030,Putin kills: Coronavirus,-50%,"R$ 1,74",74.17%,May 2020
1031,Space Reign,-20%,"R$ 47,99",74.17%,Jun 2023
1032,Twin Mirror,-75%,"R$ 38,24",74.12%,Dec 2021
1033,Galagan's Island: Reprymian Rising,-90%,"R$ 1,74",74.11%,Jun 2015
1034,PLATI NALOG: Favorite Russian Game,-50%,"R$ 1,74",74.06%,Mar 2018
1035,Among Ass 2: Butt Warfare,-50%,"R$ 1,74",74.03%,Apr 2021
1036,Land of the Vikings,-66%,"R$ 26,22",74.01%,Oct 2023
1037,Flotsam,-25%,"R$ 35,61",74.00%,Sep 2019
1038,Sparklite,-80%,"R$ 9,49",73.97%,Nov 2019
1039,aMAZE Classic,-72%,"R$ 1,95",73.95%,May 2018
1040,Accident,-45%,"R$ 28,69",73.93%,Sep 2021
1041,Furry Nya,-50%,"R$ 1,74",73.91%,Jun 2020
1042,Mega City Force,-25%,"R$ 35,24",73.90%,Jul 2023
1043,Stellar Monarch,-60%,"R$ 18,79",73.89%,Dec 2016
1044,Persian Nights 2: The Moonlight Veil,-70%,"R$ 14,09",73.87%,Jun 2020
1045,LIBERATED,-27%,"R$ 56,81",73.87%,Jul 2020
1046,Sacred 2 Gold,-75%,"R$ 6,99",73.84%,Dec 2012
1047,Seven: Enhanced Edition,-82%,"R$ 16,01",73.83%,Dec 2017
1048,Gravity Field,-95%,"R$ 4,44",73.79%,Feb 2023
1049,The Adventures of MICOCO,-40%,"R$ 14,10",73.78%,Nov 2022
1050,GravNewton,-43%,"R$ 14,52",73.77%,Jul 2017
1051,Riddles Of The Past,-79%,"R$ 2,93",73.74%,Jul 2016
1052,Menace from the Deep,-15%,"R$ 44,61",73.74%,Nov 2024
1053,The Manga Works,-50%,"R$ 9,29",73.72%,Jul 2022
1054,Cities in Motion,-75%,"R$ 17,99",73.69%,Feb 2011
1055,Poop Clicker,-50%,"R$ 1,74",73.67%,Mar 2022
1056,Skyland: Heart of the Mountain,-70%,"R$ 8,69",73.66%,Jan 2019
1057,‰∏âÂúãÁ´ãÂøóÂÇ≥2,-30%,"R$ 18,54",73.63%,Mar 2023
1058,Untamed Tactics,-55%,"R$ 26,99",73.62%,Aug 2023
1059,Vengeance of Mr. Peppermint,-50%,"R$ 29,99",73.60%,Oct 2023
1060,Bloodsports.TV,-90%,"R$ 3,29",73.58%,Mar 2015
1061,Kingdom of Atham: Crown of the Champions,-50%,"R$ 22,24",73.54%,Jan 2024
1062,ÂΩ∑Âæ®‰πãË°ó The Street of Adrift,-30%,"R$ 26,94",73.53%,May 2024
1063,Car Detailing Simulator,-44%,"R$ 30,49",73.51%,Apr 2022
1064,Shadow Legend VR,-50%,"R$ 23,74",73.50%,Mar 2019
1065,Santa Rockstar,-8%,"R$ 16,12",73.50%,Dec 2016
1066,Sands of Aura,-50%,"R$ 36,99",73.47%,Oct 2023
1067,Eventide 2: The Sorcerers Mirror,-75%,"R$ 11,74",73.46%,Oct 2016
1068,UFO: Aftermath,-80%,"R$ 2,75",73.43%,Oct 2003
1069,Gravity Den,-90%,"R$ 1,74",73.35%,Apr 2016
1070,Crypto Girls [18+] - SEXCoin,-75%,"R$ 3,62",73.34%,Nov 2021
1071,Donuts'n'Justice,-50%,"R$ 8,49",73.31%,Nov 2016
1072,Ark of Charon,-40%,"R$ 39,06",73.31%,Nov 2024
1073,Trials Evolution: Gold Edition,-75%,"R$ 14,99",73.28%,Mar 2013
1074,Born Punk,-40%,"R$ 22,79",73.24%,Jun 2022
1075,ARMA: Gold Edition,-80%,"R$ 5,99",73.23%,Jul 2011
1076,Yooka-Laylee,-80%,"R$ 19,99",73.20%,Apr 2017
1077,"NejicomiSimulator Vol.1 (Gapping, Amputee sex slave, Petrify, Time Stop)",-50%,"R$ 60,00",73.19%,Apr 2021
1078,VR Dungeon Knight,-69%,"R$ 11,46",73.16%,Apr 2017
1079,Rogue Port - Red Nightmare,-90%,"R$ 1,74",73.14%,May 2016
1080,Furry Cyberfucker II,-60%,"R$ 5,79",73.14%,Jul 2022
1081,The Myth Seekers 2: The Sunken City,-70%,"R$ 14,09",73.13%,Jun 2019
1082,Pretty Girls Mahjong Solitaire,-60%,"R$ 6,79",73.13%,Aug 2015
1083,SATANIC PANIC 666,-90%,"R$ 1,74",73.09%,Jun 2021
1084,Raiders! Forsaken Earth,-70%,"R$ 11,39",73.08%,Nov 2020
1085,Buzz Aldrin's Space Program Manager,-80%,"R$ 17,79",73.05%,Oct 2014
1086,Dungeon Rats,-60%,"R$ 10,59",73.04%,Nov 2016
1087,Gelu,-90%,"R$ 1,74",73.03%,Jul 2017
1088,Fairy Biography2ÔºöConfidante,-25%,"R$ 10,11",73.02%,Nov 2022
1089,Tiny Tales: Heart of the Forest,-70%,"R$ 14,09",72.98%,Jul 2017
1090,Tetropunk,-90%,"R$ 1,74",72.96%,Dec 2017
1091,Doom & Destiny Worlds,-70%,"R$ 14,99",72.95%,Sep 2020
1092,Aristocunts,-55%,"R$ 13,49",72.95%,Jun 2020
1093,Yummy Girl,-40%,"R$ 2,09",72.95%,May 2021
1094,NEOMORPH,-22%,"R$ 2,72",72.95%,Jan 2020
1095,Lonesome Village,-40%,"R$ 22,79",72.85%,Nov 2022
1096,MagicShop3D,-20%,"R$ 13,59",72.83%,Jun 2022
1097,Supreme Ruler 2020 Gold,-70%,"R$ 5,99",72.79%,Jun 2008
1098,Lust Galaxy ü™ê üîû,-30%,"R$ 23,09",72.79%,Aug 2024
1099,Path of Kung Fu,-10%,"R$ 42,29",72.79%,Sep 2024
1100,Heroes of Steel RPG,-70%,"R$ 9,89",72.78%,Apr 2014
1101,With Eyes Closed - Season 1,-20%,"R$ 31,92",72.78%,Aug 2024
1102,Food Girls - Bubbles' Drink Stand,-30%,"R$ 19,52",72.77%,Jul 2022
1103,Family Mysteries: Poisonous Promises,-80%,"R$ 9,39",72.75%,Mar 2020
1104,PERFECT ANGLE: The puzzle game based on optical illusions,-70%,"R$ 5,99",72.75%,Dec 2015
1105,Seek Girl ‚Ö£,-50%,"R$ 1,74",72.75%,Jan 2020
1106,Forest Fortress,-80%,"R$ 9,39",72.73%,Apr 2018
1107,Dofamine,-15%,"R$ 18,40",72.70%,Oct 2020
1108,Black & White,-35%,"R$ 30,54",72.69%,Mar 2023
1109,Fish Fillets 2,-80%,"R$ 3,99",72.68%,Apr 2007
1110,Grim Realms,-60%,"R$ 18,79",72.68%,Mar 2024
1111,The Good Life,-50%,"R$ 28,99",72.68%,Oct 2021
1112,Disco Simulator,-53%,"R$ 24,92",72.67%,Mar 2024
1113,SKIBIDI: ESCAPE FROM TOILETS!,-70%,"R$ 5,09",72.54%,Nov 2023
1114,Uragun,-70%,"R$ 9,89",72.54%,Mar 2023
1115,American Theft 80s,-29%,"R$ 56,59",72.51%,Jun 2022
1116,Estate Agent Simulator,-25%,"R$ 37,49",72.42%,Nov 2023
1117,Qvabllock,-90%,"R$ 1,74",72.41%,Apr 2018
1118,GunSoul Girl 2,-26%,"R$ 24,41",72.40%,Mar 2023
1119,Ben 10,-50%,"R$ 23,74",72.39%,Nov 2017
1120,Aborigenus,-81%,"R$ 1,74",72.36%,Oct 2018
1121,FURRY HITLER,-60%,"R$ 5,79",72.36%,May 2022
1122,Xuan-Yuan Sword: The Cloud of Han,-50%,"R$ 19,50",72.35%,Jan 2023
1123,Bratz‚Ñ¢: Flaunt your fashion,-40%,"R$ 53,39",72.35%,Nov 2022
1124,Castle of no Escape 2,-41%,"R$ 9,50",72.29%,Dec 2016
1125,Bottle: Pilgrim Redux,-75%,"R$ 3,44",72.25%,Nov 2017
1126,Weable,-50%,"R$ 1,74",72.24%,Aug 2017
1127,Arena Renovation,-60%,"R$ 32,29",72.22%,Jan 2024
1128,Femboy Besties,-33%,"R$ 2,33",72.20%,Apr 2021
1129,SPACE ACCIDENT,-34%,"R$ 11,54",72.17%,Feb 2022
1130,JQ: chemistry,-50%,"R$ 1,74",72.12%,Apr 2018
1131,Glimmer in Mirror,-25%,"R$ 29,25",72.11%,Jan 2023
1132,Godlike Burger,-80%,"R$ 8,99",72.09%,Apr 2022
1133,Puzzler World 2,-70%,"R$ 2,54",72.07%,Oct 2011
1134,Adorables,-90%,"R$ 1,74",72.05%,Mar 2016
1135,Drizzlepath: Deja Vu,-75%,"R$ 3,44",72.03%,May 2018
1136,Black Forest,-67%,"R$ 15,50",72.03%,Sep 2023
1137,Queen's Quest 3: The End of Dawn,-75%,"R$ 11,74",72.00%,Apr 2017
1138,Hell Division,-94%,"R$ 3,71",71.98%,Jun 2022
1139,ReRoad,-60%,"R$ 18,79",71.95%,Nov 2020
1140,Nickelodeon All-Star Brawl 2,-60%,"R$ 53,99",71.94%,Nov 2023
1141,Spaceland: Sci-Fi Indie Tactics,-80%,"R$ 11,99",71.92%,Sep 2019
1142,Room of Depression,-50%,"R$ 10,24",71.91%,May 2023
1143,Making History: The Great War,-50%,"R$ 44,49",71.87%,Jan 2015
1144,Outward Definitive Edition,-88%,"R$ 23,88",71.83%,May 2022
1145,The Awakener: Forgotten Oath,-50%,"R$ 26,24",71.83%,Nov 2023
1146,My Therapist is a Futanari,-33%,"R$ 2,33",71.78%,Jan 2022
1147,War Mongrels,-70%,"R$ 14,68",71.75%,Oct 2021
1148,Ash of Gods: Redemption,-65%,"R$ 25,89",71.73%,Mar 2018
1149,Breachway,-30%,"R$ 34,99",71.67%,Sep 2024
1150,The Ramen Sensei,-62%,"R$ 7,06",71.66%,Sep 2022
1151,Â§©‰∏ãÈú∏Âúñ,-25%,"R$ 19,86",71.64%,Feb 2023
1152,Queen's Quest 5: Symphony of Death,-70%,"R$ 14,09",71.59%,Jul 2019
1153,MXGP2 - The Official Motocross Videogame,-90%,"R$ 7,45",71.58%,Apr 2016
1154,Stranded Sails - Explorers of the Cursed Islands,-88%,"R$ 5,33",71.56%,Oct 2019
1155,Zoo Simulator,-46%,"R$ 24,56",71.56%,Jul 2024
1156,Sengoku Dynasty,-20%,"R$ 71,19",71.49%,Nov 2024
1157,Castle Cardians,-50%,"R$ 20,49",71.46%,Oct 2021
1158,CATGIRL LOVER 2,-55%,"R$ 3,14",71.43%,Oct 2019
1159,Snow Plowing Simulator,-46%,"R$ 38,59",71.42%,Jun 2024
1160,Megacraft Hentai Survival,-50%,"R$ 1,74",71.40%,Feb 2021
1161,Tech Support: Error Unknown,-80%,"R$ 6,59",71.37%,Feb 2019
1162,Feel-A-Maze,-80%,"R$ 2,09",71.34%,Nov 2014
1163,Gearshifters,-75%,"R$ 11,87",71.33%,Oct 2021
1164,Euphoria: Supreme Mechanics,-34%,"R$ 11,54",71.33%,Apr 2020
1165,Sword and Fairy 7,-50%,"R$ 49,49",71.21%,Oct 2021
1166,Walking Zombie: Shooter,-65%,"R$ 5,94",71.20%,Jan 2018
1167,Restaurant Empire II,-60%,"R$ 23,99",71.14%,May 2009
1168,Mech Engineer,-20%,"R$ 23,19",71.10%,May 2024
1169,Druid,-63%,"R$ 2,58",71.08%,Jan 2017
1170,BOOBS SAGA: Prepare To Hentai Edition,-80%,"R$ 2,09",71.03%,May 2020
1171,My Stepsis is a Furry Futa Fox,-33%,"R$ 2,33",71.02%,Oct 2022
1172,Firelight Fantasy: Vengeance,-13%,"R$ 20,60",71.01%,Jan 2022
1173,Black Geyser: Couriers of Darkness,-50%,"R$ 28,99",70.97%,Mar 2022
1174,One Night With Kawaii,-50%,"R$ 1,74",70.92%,Jun 2024
1175,Driftland: The Magic Revival,-85%,"R$ 5,69",70.89%,Apr 2019
1176,UFO: Aftershock,-80%,"R$ 2,75",70.89%,Oct 2005
1177,Cynthia: Hidden in the Moonshadow,-45%,"R$ 24,46",70.87%,Apr 2023
1178,HumanitZ,-30%,"R$ 41,99",70.86%,Sep 2023
1179,XCOM¬Æ: Chimera Squad,-85%,"R$ 14,85",70.84%,Apr 2020
1180,Êô¥Êú´ÁΩÆÈõ®,-30%,"R$ 3,14",70.79%,Jul 2022
1181,This Grand Life,-30%,"R$ 26,94",70.76%,Apr 2018
1182,Dragon Rage,-30%,"R$ 9,79",70.74%,Jul 2016
1183,Zombie Bar Simulator,-25%,"R$ 28,49",70.69%,Feb 2021
1184,GunSoul Girl,-69%,"R$ 2,16",70.67%,Feb 2021
1185,The Crush House,-25%,"R$ 39,74",70.65%,Aug 2024
1186,WWE 2K24,-50%,"R$ 149,99",70.64%,Mar 2024
1187,Romopolis,-80%,"R$ 3,39",70.60%,Mar 2009
1188,Citystate II,-60%,"R$ 19,60",70.60%,Sep 2021
1189,Broken Pieces,-75%,"R$ 18,49",70.59%,Sep 2022
1190,Dark Deity,-51%,"R$ 28,06",70.54%,Jun 2021
1191,Firelight Fantasy: Resistance,-34%,"R$ 11,54",70.52%,Jul 2021
1192,Chef: A Restaurant Tycoon Game,-85%,"R$ 5,69",70.51%,Aug 2020
1193,RICE - Repetitive Indie Combat Experience‚Ñ¢,-20%,"R$ 13,59",70.51%,May 2023
1194,JIANGHU CHRONICLES,-15%,"R$ 44,61",70.51%,Aug 2024
1195,Fueled Up,-60%,"R$ 19,19",70.50%,Oct 2022
1196,Fairy Biography4 : Affair,-25%,"R$ 10,87",70.50%,Jun 2023
1197,Furry Fantasy,-65%,"R$ 5,07",70.48%,Jul 2022
1198,Far Cry¬Æ 6,-75%,"R$ 62,49",70.47%,May 2023
1199,"Sex, Please",-45%,"R$ 11,26",70.46%,May 2024
1200,Pet Shop Simulator,-44%,"R$ 29,99",70.46%,Jun 2024
1201,My Yandere Sister loves me too much!,-45%,"R$ 16,49",70.45%,Oct 2020
1202,Do Not Feed the Monkeys 2099,-55%,"R$ 21,14",70.41%,May 2023
1203,Underground Garage,-20%,"R$ 59,19",70.41%,Nov 2024
1204,NeuraGun,-15%,"R$ 18,40",70.37%,Jan 2022
1205,Arctico,-80%,"R$ 6,00",70.36%,Feb 2022
1206,Bee Simulator,-95%,"R$ 2,39",70.31%,Nov 2020
1207,Yaengard,-40%,"R$ 22,49",70.28%,May 2022
1208,Wells,-50%,"R$ 6,89",70.27%,Jan 2017
1209,Hide and Seek,-50%,"R$ 5,24",70.26%,Nov 2021
1210,METAL SLUG ATTACK RELOADED,-30%,"R$ 34,79",70.25%,Jun 2024
1211,Distrust: Polar Survival,-90%,"R$ 4,19",70.16%,Aug 2017
1212,How 2 Escape,-65%,"R$ 16,44",70.13%,Aug 2023
1213,Overclocked: A History of Violence,-80%,"R$ 9,99",70.10%,Apr 2008
1214,Pax Dei,-25%,"R$ 156,67",70.10%,Jun 2024
1215,Chocolate makes you happy,-72%,"R$ 1,95",70.07%,Nov 2017
1216,Âè™ÂÖîÔºö‰∏çÁÅ≠ÁöÑÂãáËÄÖ,-60%,"R$ 6,63",70.07%,Mar 2023
1217,Knights of the Chalice 2,-10%,"R$ 76,49",70.07%,Mar 2022
1218,Pythagoria,-7%,"R$ 3,62",70.05%,Jan 2016
1219,Furry Sex: Pirates üè¥‚Äç‚ò†Ô∏è,-60%,"R$ 5,79",70.04%,Sep 2022
1220,Bluey: The Videogame,-25%,"R$ 80,99",70.04%,Nov 2023
1221,Brothel Secrets üîû,-40%,"R$ 19,79",70.01%,Jan 2024
1222,Xuan-Yuan Sword: The Gate of Firmament,-75%,"R$ 6,99",69.99%,Feb 2016
1223,Deepening Fire,-70%,"R$ 11,54",69.98%,Apr 2023
1224,PolyClassic: Wild,-95%,"R$ 3,34",69.92%,Oct 2021
1225,First Dwarf,-26%,"R$ 54,75",69.90%,Jun 2024
1226,Harmony: The Fall of Reverie,-65%,"R$ 30,62",69.89%,Jun 2023
1227,Succubus Girl Story,-35%,"R$ 2,26",69.81%,Mar 2022
1228,Lead and Gold: Gangs of the Wild West,-90%,"R$ 2,64",69.79%,Apr 2010
1229,Project Chemistry,-40%,"R$ 25,19",69.79%,Jun 2021
1230,Halfway,-80%,"R$ 8,39",69.78%,Jul 2014
1231,Swords Fantasy: Battlefield,-94%,"R$ 4,01",69.77%,Mar 2023
1232,My Stepmom is a Futanari,-33%,"R$ 2,33",69.76%,Jul 2021
1233,Wounded - The Beginning,-89%,"R$ 2,58",69.75%,Feb 2019
1234,Bionic Commando,-68%,"R$ 5,43",69.74%,Jul 2009
1235,Self Shot,-80%,"R$ 2,09",69.72%,Jun 2019
1236,Hentai IQ Puzzle,-50%,"R$ 1,74",69.70%,Sep 2018
1237,Arma Reforger,-34%,"R$ 71,08",69.70%,Nov 2023
1238,Lords and Villeins,-75%,"R$ 18,49",69.66%,Nov 2022
1239,Bighead Runner,-90%,"R$ 1,74",69.62%,Jun 2018
1240,Denos City: Complete Game,-50%,"R$ 12,44",69.62%,May 2022
1241,ÈôçÂ¶ñÁ•ûÂÖµ,-40%,"R$ 6,29",69.61%,Mar 2023
1242,Knights of Braveland,-60%,"R$ 23,99",69.60%,Feb 2023
1243,Diluvian Winds,-60%,"R$ 21,99",69.56%,Apr 2024
1244,Sex Facultyüîû,-35%,"R$ 21,44",69.52%,Mar 2024
1245,Seek Girl V,-50%,"R$ 3,49",69.48%,Aug 2020
1246,Souls of Blades,-60%,"R$ 14,79",69.47%,Sep 2021
1247,Voltaire: The Vegan Vampire,-50%,"R$ 29,99",69.47%,Oct 2023
1248,EARTHLOCK,-80%,"R$ 18,00",69.43%,Mar 2018
1249,Deep Secret,-20%,"R$ 11,03",69.42%,Oct 2023
1250,Magical Delicacy,-20%,"R$ 59,19",69.41%,Jul 2024
1251,Nowhere Prophet,-70%,"R$ 14,24",69.40%,Jul 2019
1252,Êó†‰ºë‰ªôÈÄî,-17%,"R$ 17,00",69.39%,Jul 2024
1253,Hope Lake,-75%,"R$ 3,99",69.34%,Jun 2016
1254,Pricolage -IDOLIZED-,-50%,"R$ 13,24",69.33%,Feb 2024
1255,Seek Girl ‚Ö¶,-50%,"R$ 3,49",69.33%,Dec 2020
1256,Alea Jacta Est,-70%,"R$ 22,19",69.16%,Sep 2012
1257,Demon Hunter 2: New Chapter,-75%,"R$ 11,74",69.13%,Jul 2016
1258,Cuckold Life Simulator üò≥üîû,-55%,"R$ 10,57",69.10%,Jan 2023
1259,Culpa Innata,-80%,"R$ 3,99",69.04%,Oct 2007
1260,Á•õÈ≠Ö¬∑ÊïôÂåñÔºàÁ•õÈ≠Ö1Ôºâ,-50%,"R$ 1,74",69.04%,May 2018
1261,BioShock‚Ñ¢ 2 Remastered,-85%,"R$ 4,49",69.02%,Sep 2016
1262,Wargroove 2,-30%,"R$ 41,99",69.01%,Oct 2023
1263,Tiki Man,-17%,"R$ 10,38",69.01%,Jun 2015
1264,–ú—É—Ö–æ—Å—Ä–∞–Ω—Å–∫ | Russian City Sim,-50%,"R$ 1,74",68.97%,Jul 2021
1265,iFAction Game Maker,-49%,"R$ 65,27",68.90%,Jan 2020
1266,Himeko Sutori,-50%,"R$ 28,99",68.86%,Jan 2021
1267,Z Dawn,-75%,"R$ 5,17",68.85%,Dec 2019
1268,Dwarven Skykeep,-75%,"R$ 14,99",68.78%,Dec 2022
1269,Wild Indigo Ranch,-50%,"R$ 29,99",68.78%,Sep 2024
1270,Mato Anomalies,-60%,"R$ 30,00",68.76%,Mar 2023
1271,My Stepsis is a Futanari,-33%,"R$ 2,33",68.75%,Oct 2021
1272,Recipe for Disaster,-73%,"R$ 12,68",68.72%,Aug 2022
1273,TRANSFORMERS: BATTLEGROUNDS,-60%,"R$ 18,99",68.71%,Oct 2020
1274,The Divine Invasion,-15%,"R$ 18,40",68.71%,Aug 2020
1275,‰∏ã‰∏ÄÁ´ôÊ±üÊπñ‚Ö†,-60%,"R$ 15,19",68.70%,Apr 2021
1276,Automachef,-85%,"R$ 11,98",68.68%,Jul 2019
1277,Paper Train Traffic,-50%,"R$ 3,24",68.67%,Mar 2016
1278,Mirthwood,-10%,"R$ 66,59",68.66%,Nov 2024
1279,Sovietpunk: Chapter one,-50%,"R$ 1,74",68.64%,Apr 2021
1280,Firelight Fantasy: Force Energy,-13%,"R$ 20,60",68.61%,Feb 2022
1281,Bloodshore,-61%,"R$ 18,32",68.58%,Nov 2021
1282,Dark Train,-90%,"R$ 2,06",68.57%,Oct 2016
1283,Megapolis,-80%,"R$ 3,39",68.55%,Sep 2010
1284,Bionic Heart,-75%,"R$ 8,24",68.54%,Jul 2009
1285,Danger Scavenger,-80%,"R$ 4,13",68.53%,Mar 2021
1286,Royal Defense,-42%,"R$ 19,45",68.52%,Nov 2014
1287,Rainbow Snake,-50%,"R$ 1,74",68.51%,Oct 2017
1288,Drunken Fight Simulator,-90%,"R$ 1,74",68.46%,Jan 2017
1289,Ê±âÊ≠¶Â§ßÂ∏ù‰º†-ÁªèÂÖ∏Á≠ñÁï•ÊàòÊ£ã,-75%,"R$ 6,62",68.45%,Jun 2020
1290,Firelight Fantasy: Phoenix Crew,-13%,"R$ 20,60",68.36%,Aug 2021
1291,Family Mysteries 2: Echoes of Tomorrow,-75%,"R$ 11,74",68.33%,Apr 2020
1292,"Warhammer 40,000: Darktide",-50%,"R$ 138,79",68.27%,Nov 2022
1293,Sex College üîû,-40%,"R$ 19,79",68.26%,Mar 2024
1294,Sex Euphoria üíñ,-40%,"R$ 19,79",68.20%,Feb 2024
1295,Soul Axiom,-63%,"R$ 13,68",68.14%,Feb 2016
1296,Hot Therapy,-35%,"R$ 30,54",68.12%,Mar 2024
1297,ÊàëÂú®Âú∞ÁêÉ‰øÆ‰ªôÊúâÁ≥ªÁªü,-25%,"R$ 33,75",68.10%,Aug 2023
1298,Wildlife Park 2,-30%,"R$ 9,79",68.06%,May 2006
1299,For The Glory: A Europa Universalis Game,-75%,"R$ 8,99",68.03%,Nov 2009
1300,Xuan-Yuan Sword: The Clouds Faraway,-50%,"R$ 19,50",68.03%,Jan 2023
1301,Clive 'N' Wrench,-75%,"R$ 14,49",68.02%,Feb 2023
1302,Lust Epidemic 18+,-35%,"R$ 21,44",68.02%,Sep 2024
1303,Myth of Empires,-60%,"R$ 35,59",67.98%,Feb 2024
1304,Soulash,-40%,"R$ 20,99",67.94%,Mar 2022
1305,The Chosen Warriors,-80%,"R$ 2,09",67.92%,Dec 2017
1306,Fallen Angel,-50%,"R$ 14,49",67.91%,Oct 2020
1307,The Dwarf Run,-60%,"R$ 7,19",67.89%,Oct 2015
1308,A fascinating story,-10%,"R$ 29,69",67.88%,Jun 2024
1309,Queen's Quest 4: Sacred Truce,-70%,"R$ 8,69",67.75%,Apr 2018
1310,NeverSynth,-18%,"R$ 13,34",67.70%,Sep 2022
1311,War on Folvos,-75%,"R$ 3,44",67.66%,Sep 2006
1312,Rabbit Story,-50%,"R$ 4,34",67.64%,May 2017
1313,Furry Cyberfucker,-65%,"R$ 5,07",67.46%,Apr 2022
1314,Killing Room,-65%,"R$ 16,44",67.44%,Oct 2016
1315,Cursed West,-80%,"R$ 2,09",67.39%,Sep 2016
1316,"Sex, Camera, Action! üîû",-35%,"R$ 21,44",67.38%,Jul 2024
1317,aMAZE Dark Times,-72%,"R$ 1,95",67.37%,Aug 2017
1318,Mind Games,-80%,"R$ 2,09",67.36%,Mar 2016
1319,El Matador,-80%,"R$ 2,75",67.35%,Sep 2006
1320,Cybernetic Fault,-14%,"R$ 76,71",67.31%,Sep 2020
1321,Frozen Cortex,-50%,"R$ 22,99",67.29%,Feb 2015
1322,Warlock 2: The Exiled,-75%,"R$ 17,99",67.19%,Apr 2014
1323,Kawaii Girl,-50%,"R$ 1,74",67.18%,Apr 2020
1324,ÂØåÁî≤Â§©‰∏ã4,-25%,"R$ 24,74",67.15%,May 2023
1325,aMAZE Gears,-72%,"R$ 1,95",67.14%,Mar 2018
1326,Shades of Sakura,-61%,"R$ 1,75",67.12%,Jul 2021
1327,Hentai Killer: Girls & Chess,-50%,"R$ 1,74",67.10%,Jun 2021
1328,SEX Room 2 [18+],-35%,"R$ 8,96",67.07%,Apr 2023
1329,Ninja Stealth,-90%,"R$ 1,74",67.04%,Jun 2016
1330,Farm Manager World,-20%,"R$ 47,99",67.01%,Apr 2024
1331,Alien Breed 2: Assault,-90%,"R$ 1,99",66.95%,Sep 2010
1332,Heavy Burden,-34%,"R$ 11,54",66.95%,Sep 2023
1333,Fast Food Manager,-20%,"R$ 23,19",66.93%,Apr 2021
1334,Synthwave Burnout,-18%,"R$ 13,34",66.92%,Sep 2021
1335,Tokyo 42,-90%,"R$ 3,69",66.89%,May 2017
1336,Sex Simulator,-80%,"R$ 2,09",66.88%,Jul 2019
1337,Taora : Survival,-35%,"R$ 28,91",66.83%,May 2024
1338,Winter,-72%,"R$ 1,95",66.81%,Mar 2022
1339,Hot And Lovely 2,-25%,"R$ 5,24",66.79%,Mar 2020
1340,Gumboy Tournament,-50%,"R$ 5,24",66.76%,May 2008
1341,The Witch of Fern Island,-40%,"R$ 44,39",66.76%,Feb 2024
1342,Super Dark Deception,-25%,"R$ 41,24",66.75%,Jul 2024
1343,Hero,-90%,"R$ 1,74",66.74%,Feb 2017
1344,Idling Gears,-30%,"R$ 11,89",66.74%,Nov 2023
1345,Satellite Repairman,-72%,"R$ 1,95",66.72%,Feb 2017
1346,Á¨¶ÊñáÂ•≥Â≠©/Rune Girl,-30%,"R$ 2,44",66.67%,Jun 2019
1347,Sacred Citadel,-75%,"R$ 4,99",66.62%,Apr 2013
1348,Monuments Renovator,-63%,"R$ 17,38",66.58%,Mar 2024
1349,SEX SPA üîûüí¶,-40%,"R$ 19,79",66.55%,Dec 2023
1350,Cuckold Chair Simulator 2023,-40%,"R$ 8,27",66.50%,Oct 2023
1351,Warrior Kings,-80%,"R$ 5,99",66.44%,Apr 2002
1352,Frozen Flame,-25%,"R$ 44,99",66.44%,Nov 2022
1353,One More Island,-75%,"R$ 14,99",66.43%,May 2022
1354,NationWar:Chronicles | ÂõΩÊàò:ÂàóÂõΩÂøó‰º†,-51%,"R$ 9,28",66.41%,Oct 2017
1355,Pool Cleaning Simulator,-55%,"R$ 31,84",66.33%,Jun 2024
1356,RIOT: Civil Unrest,-80%,"R$ 6,59",66.30%,Feb 2019
1357,The Prism,-90%,"R$ 1,74",66.29%,Sep 2015
1358,We Are The Dwarves,-13%,"R$ 20,60",66.24%,Feb 2016
1359,Freezeer,-50%,"R$ 1,74",66.23%,Jun 2018
1360,Hot & Steamy Knights,-70%,"R$ 10,79",66.18%,Jul 2019
1361,Eldrea: SEX Saga üîû,-35%,"R$ 21,44",66.17%,Sep 2024
1362,Angry Squirrel,-50%,"R$ 1,74",66.16%,Apr 2021
1363,PAW Patrol Mighty Pups Save Adventure Bay,-45%,"R$ 31,89",66.16%,Nov 2020
1364,Dude Simulator 3,-86%,"R$ 2,37",66.12%,Aug 2019
1365,Castle,-83%,"R$ 2,34",66.08%,Jan 2015
1366,WARCANA,-32%,"R$ 61,19",66.07%,Aug 2024
1367,Hamilton's Great Adventure,-90%,"R$ 3,29",66.02%,May 2011
1368,Memento Mori 2,-80%,"R$ 13,99",65.98%,May 2014
1369,Food Truck Simulator,-45%,"R$ 20,89",65.98%,Sep 2022
1370,Trials Fusion‚Ñ¢,-75%,"R$ 14,99",65.95%,Apr 2014
1371,Inquisitor,-66%,"R$ 11,21",65.90%,Sep 2012
1372,Unalive,-90%,"R$ 1,74",65.84%,Jan 2017
1373,Fat Prisoner Simulator 2,-50%,"R$ 1,74",65.81%,Jun 2019
1374,Demented,-90%,"R$ 1,74",65.80%,Mar 2016
1375,Banana Hell,-30%,"R$ 6,29",65.76%,Nov 2020
1376,Blind,-90%,"R$ 7,39",65.73%,Sep 2018
1377,Liquid Pinball,-50%,"R$ 1,74",65.72%,Nov 2016
1378,Legendary Hoplite,-75%,"R$ 11,74",65.71%,Feb 2024
1379,Furry Arena [18+],-45%,"R$ 3,84",65.64%,Dec 2022
1380,The Gallery,-35%,"R$ 35,75",65.58%,Sep 2022
1381,To The Rescue!,-50%,"R$ 29,99",65.50%,Nov 2021
1382,True or False,-1%,"R$ 10,72",65.44%,Sep 2016
1383,Sugar Shack,-35%,"R$ 38,99",65.43%,Sep 2023
1384,Dreamscapes: Nightmare's Heir - Premium Edition,-30%,"R$ 16,45",65.43%,Mar 2015
1385,Loot Hunter,-70%,"R$ 7,05",65.37%,Jan 2015
1386,Inner silence,-50%,"R$ 1,74",65.36%,Feb 2017
1387,Three Kingdoms Zhao Yun,-45%,"R$ 32,99",65.36%,Jan 2024
1388,Hare In The Hat,-60%,"R$ 2,79",65.10%,Apr 2015
1389,One Lonely Outpost,-25%,"R$ 58,48",65.07%,Jun 2023
1390,Earthling's Undertaking,-60%,"R$ 12,39",65.01%,Jul 2023
1391,Valor & Victory,-50%,"R$ 29,99",64.98%,Jun 2021
1392,KAMITSUBAKI CITY ENSEMBLE,-20%,"R$ 11,19",64.94%,Aug 2024
1393,Creatura,-90%,"R$ 2,89",64.92%,Mar 2021
1394,Possessed,-90%,"R$ 1,74",64.90%,May 2017
1395,Cafe Owner Simulator,-60%,"R$ 23,19",64.85%,Dec 2022
1396,No Longer Home,-80%,"R$ 9,39",64.84%,Jul 2021
1397,The Keep,-70%,"R$ 14,09",64.80%,Mar 2017
1398,Don Duality,-60%,"R$ 18,79",64.76%,Aug 2023
1399,Kingdom Wars 4,-70%,"R$ 17,99",64.73%,Oct 2021
1400,Silicone-2,-50%,"R$ 1,74",64.73%,Jun 2015
1401,Kingdom Wars 2: Definitive Edition,-50%,"R$ 16,49",64.70%,Jul 2019
1402,Rebirth:Beware of Mr.Wang,-53%,"R$ 8,73",64.69%,Sep 2021
1403,All-Star Fruit Racing,-90%,"R$ 4,69",64.59%,Jul 2018
1404,Battle Worlds: Kronos,-75%,"R$ 9,24",64.59%,Nov 2013
1405,Agent Walker: Secret Journey,-70%,"R$ 14,09",64.59%,Sep 2016
1406,Music Store Simulator,-25%,"R$ 69,19",64.52%,Jul 2023
1407,Fire Commander,-45%,"R$ 28,69",64.51%,Jul 2022
1408,Workshop Simulator,-39%,"R$ 36,79",64.49%,Mar 2022
1409,Age of Gladiators II: Rome,-70%,"R$ 9,66",64.48%,Aug 2018
1410,Hollow's Land,-90%,"R$ 1,74",64.35%,Dec 2014
1411,Hacker Evolution,-50%,"R$ 1,74",64.31%,Sep 2010
1412,Thrive: Heavy Lies The Crown,-20%,"R$ 66,39",64.23%,Nov 2024
1413,Magic Box,-50%,"R$ 1,74",64.22%,Jan 2017
1414,Mumps,-90%,"R$ 1,74",64.21%,Jan 2018
1415,Harem Hunter: Sex-ray Vision,-50%,"R$ 17,99",64.20%,Jan 2021
1416,Amigo: Kebab Simulator,-30%,"R$ 25,05",64.20%,Apr 2023
1417,Among Waifus 18+,-65%,"R$ 5,07",64.14%,Dec 2021
1418,Who Pressed Mute on Uncle Marcus?,-56%,"R$ 20,67",64.13%,Mar 2022
1419,To Be In Love With Girls Group,-40%,"R$ 19,79",64.09%,Mar 2024
1420,Tom Clancy‚Äôs Rainbow Six¬Æ Extraction,-75%,"R$ 42,49",64.08%,Jun 2023
1421,Last Anime boy: Saving loli,-50%,"R$ 1,74",64.03%,Nov 2017
1422,Gamer Girls: Dating Sim,-70%,"R$ 4,34",64.01%,May 2022
1423,Sons of Valhalla,-50%,"R$ 24,99",63.98%,Apr 2024
1424,Trials¬Æ Rising,-80%,"R$ 11,99",63.91%,Feb 2019
1425,The Hunting God,-70%,"R$ 2,09",63.85%,Jul 2017
1426,Ball of Wonder,-33%,"R$ 75,36",63.83%,Oct 2016
1427,Moonshine Inc.,-18%,"R$ 38,23",63.77%,Dec 2022
1428,Monster Outbreak,-67%,"R$ 15,50",63.76%,Oct 2022
1429,IfSunSets,-10%,"R$ 53,99",63.66%,Nov 2024
1430,Xenon Racer,-90%,"R$ 4,69",63.56%,Mar 2019
1431,Outbreak: The New Nightmare,-85%,"R$ 4,03",63.48%,Jan 2018
1432,Heart attack,-72%,"R$ 1,95",63.38%,Jan 2023
1433,The Secret Order 4: Beyond Time,-70%,"R$ 14,09",63.38%,Sep 2016
1434,Siege Wars,-65%,"R$ 2,44",63.33%,Jul 2015
1435,Orgasm Simulator 2024 üí¶,-50%,"R$ 16,49",63.25%,Sep 2023
1436,Dust Fleet,-50%,"R$ 29,99",63.21%,Aug 2023
1437,Perseus: Titan Slayer,-47%,"R$ 26,44",63.20%,Feb 2023
1438,Plane Accident,-39%,"R$ 37,24",63.20%,Feb 2024
1439,The Isle Tide Hotel,-35%,"R$ 38,99",63.18%,Sep 2023
1440,Mia and the Dragon Princess,-35%,"R$ 30,54",63.17%,May 2023
1441,Memento Mori,-80%,"R$ 6,99",63.10%,Nov 2012
1442,Alaskan Road Truckers,-27%,"R$ 61,99",63.06%,Oct 2023
1443,Cris Tales,-90%,"R$ 7,54",62.95%,Jul 2021
1444,Deadwater Saloon,-29%,"R$ 32,15",62.92%,Sep 2022
1445,Riding Star - Horse Championship!,-50%,"R$ 9,99",62.82%,Mar 2014
1446,UFO: Afterlight,-80%,"R$ 3,99",62.80%,Feb 2007
1447,Awaken: Hentai Dice,-10%,"R$ 42,29",62.80%,Nov 2024
1448,Orgasm Simulator 2023,-50%,"R$ 16,49",62.73%,Jul 2023
1449,Deviant Dungeon,-70%,"R$ 12,89",62.67%,Jan 2019
1450,Sex Bar Simulator üç∏üîû,-50%,"R$ 16,49",62.65%,Aug 2023
1451,Gamer Girls: Futanari,-70%,"R$ 4,34",62.47%,Aug 2022
1452,Tibetan Quest: Beyond the World's End,-75%,"R$ 11,74",62.39%,Apr 2016
1453,Godstrike,-67%,"R$ 15,50",62.39%,Apr 2021
1454,"Fairy Tale About Father Frost, Ivan and Nastya",-80%,"R$ 2,39",62.26%,Dec 2000
1455,Heroine Anthem Zero -Sacrifice-,-40%,"R$ 12,41",62.24%,Dec 2016
1456,Big Buck Hunter Arcade,-90%,"R$ 1,99",62.20%,Oct 2016
1457,Black Legend,-50%,"R$ 18,99",62.19%,Mar 2021
1458,–ü–û–°–õ–ï–î–ù–ò–ô –î–ï–ù–¨ –í –£–†–Æ–ü–ò–ù–°–ö–ï,-70%,"R$ 2,09",62.14%,Dec 2021
1459,Lovelorn sanatorium‚Ö†,-37%,"R$ 16,68",62.09%,Nov 2022
1460,Space Mechanic Simulator,-46%,"R$ 27,79",62.01%,Aug 2023
1461,Surviving the Abyss,-25%,"R$ 44,99",61.97%,Nov 2024
1462,Queen's Quest: Tower of Darkness,-80%,"R$ 9,39",61.96%,Sep 2015
1463,OnlyFap: Fitness Baby üîûüí¶,-55%,"R$ 6,52",61.95%,Dec 2022
1464,ÁêâÈöê,-70%,"R$ 5,57",61.87%,Dec 2021
1465,The Moment of Silence,-80%,"R$ 9,99",61.85%,Mar 2005
1466,Demon Hunter 4: Riddles of Light,-70%,"R$ 8,69",61.82%,Feb 2018
1467,Tidalis,-75%,"R$ 4,24",61.81%,Jul 2010
1468,Demon Hunter: Chronicles from Beyond,-80%,"R$ 9,39",61.80%,Dec 2014
1469,Nickelodeon Kart Racers 3: Slime Speedway,-85%,"R$ 14,09",61.71%,Oct 2022
1470,Gamer Girls: Cyberpunk 2069,-70%,"R$ 4,34",61.71%,Dec 2021
1471,Frozen Synapse 2,-50%,"R$ 28,99",61.59%,Sep 2018
1472,Townopolis,-80%,"R$ 3,39",61.57%,Oct 2008
1473,Star Merchant,-50%,"R$ 1,74",61.53%,Mar 2017
1474,‰æ†ÂÆ¢Êò•Áßã,-45%,"R$ 6,60",61.53%,Jun 2023
1475,Dance of Death,-80%,"R$ 2,75",61.52%,Dec 2015
1476,LOST PLANET¬Æ 3,-80%,"R$ 9,19",61.44%,Aug 2013
1477,Builders of Greece,-39%,"R$ 36,79",61.38%,Feb 2024
1478,Trackmania¬≤ Lagoon,-50%,"R$ 29,99",61.37%,May 2017
1479,Enlightenment,-85%,"R$ 3,59",61.35%,Aug 2017
1480,Party Maker,-45%,"R$ 28,69",61.33%,Oct 2022
1481,–°–ò–ú–£–õ–Ø–¢–û–† –õ–ê–ó–ê–ù–¨–Ø –ü–û –ó–ê–ë–†–û–®–ö–ê–ú,-50%,"R$ 1,74",61.29%,Feb 2023
1482,Cube Land Arena,-90%,"R$ 1,74",61.22%,Mar 2016
1483,Against All Odds,-50%,"R$ 8,49",61.11%,May 2023
1484,GangV | VR & PC Battle Royale,-50%,"R$ 14,49",61.07%,Apr 2021
1485,The Wisbey Mystery,-79%,"R$ 3,35",61.06%,Jan 2017
1486,WIN THE GAME: DO IT!,-50%,"R$ 1,74",61.04%,May 2018
1487,SQUID GIRLS 18+,-75%,"R$ 3,62",60.91%,Feb 2022
1488,The Settlers¬Æ 7 : History Edition,-60%,"R$ 17,99",60.83%,Jan 2019
1489,Depraved,-90%,"R$ 3,79",60.67%,Sep 2019
1490,Step-Sister's Pussy üîû,-40%,"R$ 19,79",60.65%,May 2024
1491,eSports Legend,-55%,"R$ 9,31",60.54%,Oct 2018
1492,Retreat To Enen,-70%,"R$ 22,19",60.50%,Aug 2022
1493,JQ: countries,-50%,"R$ 1,74",60.47%,Feb 2018
1494,Night Mysteries: The Amphora Prisoner,-90%,"R$ 3,57",60.33%,Feb 2015
1495,SEX Doll Simulatorüîû,-40%,"R$ 8,27",60.33%,Aug 2023
1496,3DRPG,-70%,"R$ 2,09",60.30%,Jan 2016
1497,Horse Tales: Emerald Valley Ranch,-75%,"R$ 22,25",60.28%,Nov 2022
1498,Miner Mayhem,-35%,"R$ 6,81",60.26%,Sep 2015
1499,Rift's Cave,-90%,"R$ 1,74",60.15%,Sep 2021
1500,PooSky,-83%,"R$ 2,31",60.15%,Oct 2017
1501,Iron Warriors: T - 72 Tank Command,-75%,"R$ 5,12",60.12%,Jul 2006
1502,The Construct,-90%,"R$ 1,74",60.06%,Sep 2016
1503,Hide and Seek,-50%,"R$ 1,74",60.06%,Feb 2019
1504,Energy Engine PC Live Wallpaper,-30%,"R$ 9,65",60.01%,May 2019
1505,Hunters Of The Dead,-80%,"R$ 2,09",59.98%,Sep 2014
1506,OnlyFuck - RuRu's Adventures,-50%,"R$ 16,49",59.98%,Jun 2021
1507,RAID: World War II,-60%,"R$ 21,99",59.97%,Sep 2017
1508,Á•ûËàûÂπªÊÉ≥ Faith of Danschant,-50%,"R$ 28,99",59.85%,Dec 2017
1509,Anno 2070‚Ñ¢,-75%,"R$ 14,99",59.84%,Nov 2011
1510,Brewpub Simulator,-54%,"R$ 34,77",59.72%,Jul 2023
1511,Dreadlands,-95%,"R$ 3,69",59.66%,Mar 2020
1512,Noir Chronicles: City of Crime,-70%,"R$ 14,09",59.57%,Jan 2018
1513,A Front Too Far: Normandy,-20%,"R$ 15,98",59.57%,Dec 2018
1514,Zombie Survivals [18+]üßü‚Äç‚ôÄÔ∏èüîû,-40%,"R$ 8,27",59.52%,Mar 2023
1515,Candy Blast,-90%,"R$ 1,74",59.47%,Jun 2016
1516,SEX Room [18+],-12%,"R$ 28,88",59.34%,Feb 2023
1517,Gravity Badgers,-63%,"R$ 6,28",59.24%,Nov 2013
1518,Soul Elegy,-75%,"R$ 9,24",59.21%,Aug 2021
1519,The Bluecoats: North & South,-90%,"R$ 3,99",59.13%,Nov 2020
1520,Kawaii Girl 2,-72%,"R$ 1,95",59.11%,Aug 2020
1521,A-Tech Cybernetic VR,-67%,"R$ 9,56",59.01%,Mar 2020
1522,Alpha Zylon,-80%,"R$ 2,75",58.98%,Dec 2007
1523,Dysterra,-30%,"R$ 41,99",58.97%,Nov 2022
1524,College Sex Party üîû,-55%,"R$ 14,84",58.90%,Sep 2023
1525,A Valley Without Wind,-75%,"R$ 11,74",58.70%,Apr 2012
1526,Osteya,-90%,"R$ 1,74",58.64%,Nov 2015
1527,Tom Clancy's Rainbow Six Lockdown‚Ñ¢,-75%,"R$ 7,49",58.64%,Feb 2006
1528,Ice Age Scrat's Nutty Adventure,-60%,"R$ 23,19",58.62%,Oct 2019
1529,Bionic Commando: Rearmed,-68%,"R$ 5,43",58.53%,Aug 2008
1530,Hacker Evolution: Untold,-50%,"R$ 1,74",58.53%,Sep 2010
1531,Âè§ÈæôÈ£é‰∫ëÂΩï,-33%,"R$ 59,62",58.51%,Feb 2024
1532,Pound of Ground,-80%,"R$ 5,99",58.43%,Nov 2010
1533,The Emperor and State,-20%,"R$ 37,59",58.20%,Jul 2024
1534,Amulet of Dreams,-70%,"R$ 4,19",58.16%,Jun 2016
1535,Teria,-90%,"R$ 1,74",58.11%,Jan 2017
1536,My Married Cousin's Need for Seed,-45%,"R$ 14,84",58.03%,Apr 2021
1537,Fall of the New Age Premium Edition,-10%,"R$ 21,15",57.99%,Jan 2014
1538,Xuan-Yuan Sword V,-50%,"R$ 19,50",57.97%,Jan 2023
1539,Miscreation: Evolve Your Creature!,-80%,"R$ 6,59",57.88%,Nov 2019
1540,Faces of Illusion: The Twin Phantoms,-70%,"R$ 14,09",57.83%,Jan 2017
1541,3D Chess,-50%,"R$ 5,44",57.79%,Dec 2016
1542,Call Of The Mighty Warriors,-90%,"R$ 1,74",57.74%,Jun 2016
1543,Legends of Hidden Sword,-50%,"R$ 31,49",57.68%,Apr 2022
1544,Curse of the Sea Rats,-55%,"R$ 26,99",57.18%,Apr 2023
1545,King of Seas,-37%,"R$ 107,46",57.18%,May 2021
1546,Forged Battalion,-50%,"R$ 16,49",56.95%,Aug 2018
1547,Cities in Motion 2,-75%,"R$ 17,99",56.92%,Apr 2013
1548,Rememoried,-70%,"R$ 9,89",56.76%,Aug 2015
1549,The Shadowland,-90%,"R$ 1,74",56.52%,Jul 2016
1550,Unsafe Express,-40%,"R$ 23,09",56.52%,Nov 2024
1551,Exodus from the Earth,-80%,"R$ 4,99",56.47%,Oct 2008
1552,Lovelorn sanatorium ‚Ö¢,-35%,"R$ 17,21",56.41%,Mar 2023
1553,OnlyFap Simulator üí¶,-56%,"R$ 6,37",56.14%,Feb 2022
1554,ÂØåÁî≤Â§©‰∏ã5,-25%,"R$ 19,86",56.02%,Aug 2023
1555,Take On Helicopters,-80%,"R$ 9,99",55.90%,Oct 2011
1556,Police Shootout,-90%,"R$ 4,69",55.68%,Jun 2022
1557,Puzzle Kingdoms,-80%,"R$ 5,59",55.57%,Apr 2009
1558,Bang Bang Fruit,-50%,"R$ 1,74",55.52%,Feb 2017
1559,Naughty College 18+,-50%,"R$ 16,49",55.50%,Jul 2023
1560,Treasure Hunter Simulator,-42%,"R$ 32,29",55.49%,Dec 2018
1561,Princess Isabella: The Rise of an Heir,-75%,"R$ 11,74",55.38%,May 2016
1562,Deep Space,-75%,"R$ 2,17",55.26%,Nov 2020
1563,Comanche,-75%,"R$ 11,24",55.18%,Aug 2021
1564,Wild Romance,-69%,"R$ 8,36",55.18%,Oct 2016
1565,Ageless,-80%,"R$ 15,98",54.97%,Jul 2020
1566,Sky Battles,-90%,"R$ 1,74",54.90%,Mar 2015
1567,Fetish Room 18+,-35%,"R$ 30,54",54.90%,Apr 2024
1568,Dark Heritage: Guardians of Hope,-70%,"R$ 14,09",54.82%,Sep 2015
1569,Krater,-90%,"R$ 2,79",54.77%,Jun 2012
1570,Wordle 5,-50%,"R$ 1,74",54.62%,Oct 2022
1571,Lift It,-90%,"R$ 1,74",54.61%,Jan 2017
1572,Outerverse,-75%,"R$ 14,99",54.60%,Aug 2022
1573,Tru Or Die,-65%,"R$ 20,29",54.53%,Dec 2023
1574,Car Mechanic Simulator VR,-28%,"R$ 59,92",54.51%,Jun 2021
1575,Voodoo Whisperer Curse of a Legend,-80%,"R$ 2,75",54.50%,Apr 2014
1576,Immortal Family,-40%,"R$ 23,09",54.47%,Jul 2024
1577,Fighters Unleashed,-90%,"R$ 1,74",54.44%,Dec 2016
1578,AWAY: The Survival Series,-75%,"R$ 3,67",54.42%,Sep 2021
1579,SYMMETRY,-88%,"R$ 4,61",54.39%,Feb 2018
1580,Alpha Prime,-80%,"R$ 3,99",54.39%,Nov 2007
1581,G.I. Joe: Operation Blackout,-67%,"R$ 19,13",54.33%,Dec 2020
1582,Hookah Cafe Simulator,-60%,"R$ 13,19",54.30%,Jun 2023
1583,Take On Mars,-80%,"R$ 4,99",54.22%,Feb 2017
1584,Ablepsia,-90%,"R$ 1,74",54.20%,Sep 2017
1585,Clicker Arena,-30%,"R$ 20,99",54.02%,Apr 2024
1586,Battle Axe,-75%,"R$ 14,49",53.94%,Apr 2021
1587,Goblin Stone,-30%,"R$ 51,79",53.91%,Mar 2024
1588,Blood And Zombies,-67%,"R$ 15,50",53.89%,Jul 2022
1589,Madness,-50%,"R$ 1,74",53.71%,Nov 2016
1590,The Last Hope: Trump vs Mafia - North Korea,-90%,"R$ 1,74",53.53%,Jan 2017
1591,Help,-90%,"R$ 1,74",53.08%,Oct 2016
1592,Russian Train Trip,-40%,"R$ 8,27",52.92%,Dec 2021
1593,Seek Girl ‚Öß,-50%,"R$ 3,49",52.80%,Apr 2021
1594,LSD,-55%,"R$ 3,14",52.76%,Oct 2017
1595,Live Empire 2,-80%,"R$ 4,32",52.56%,Dec 2021
1596,Azulgar: Star Commanders,-49%,"R$ 30,59",52.47%,Aug 2017
1597,Broken Roads,-30%,"R$ 71,39",52.28%,Apr 2024
1598,She Will Shoot,-50%,"R$ 1,74",52.27%,Oct 2021
1599,Forbidden Planet,-90%,"R$ 1,74",52.03%,Sep 2013
1600,Funfair Ride Simulator 3,-80%,"R$ 4,09",52.03%,Aug 2016
1601,CRIMSON METAL Classic 1999,-87%,"R$ 3,24",51.56%,May 2017
1602,SEX Prison [18+],-75%,"R$ 3,62",51.24%,Nov 2021
1603,Life Simulator,-75%,"R$ 4,64",51.19%,Oct 2020
1604,Cybersex Chronicles [18+],-55%,"R$ 14,84",51.19%,Jun 2023
1605,Band of Defenders,-65%,"R$ 11,54",51.17%,Apr 2018
1606,My Horse: Bonded Spirits,-56%,"R$ 28,65",51.12%,Jun 2024
1607,ÂØåÁî≤Â§©‰∏ãW,-30%,"R$ 18,54",51.06%,Dec 2023
1608,METAL SLUG XX,-80%,"R$ 7,59",50.95%,Feb 2019
1609,Cook Serve Forever,-50%,"R$ 44,49",50.93%,May 2023
1610,Harvest Life,-50%,"R$ 14,49",50.77%,Nov 2017
1611,THE TAG-ALONG OBSESSION,-40%,"R$ 44,39",50.53%,Sep 2024
1612,Sex Gym 3D,-60%,"R$ 13,19",50.00%,Dec 2022
1613,BACKROOMS INVASION,-72%,"R$ 1,95",49.74%,May 2024
1614,Space Survival,-50%,"R$ 1,74",49.71%,Jun 2016
1615,Gumboy - Crazy Adventures‚Ñ¢,-50%,"R$ 8,49",49.70%,Dec 2006
1616,X-17,-90%,"R$ 1,74",49.65%,Mar 2016
1617,Fabulous Food Truck,-70%,"R$ 1,94",49.43%,Jul 2016
1618,Numen: Contest of Heroes,-75%,"R$ 6,62",49.37%,Jun 2010
1619,VALHALL: Harbinger - Beta Testing,-40%,"R$ 34,79",49.35%,Oct 2020
1620,Insane Cold: Back to the Ice Age,-72%,"R$ 1,95",49.31%,Aug 2014
1621,Farmer's Father: Save the Innocence,-55%,"R$ 14,84",49.29%,Mar 2024
1622,Sword and Fairy Inn 2,-75%,"R$ 14,99",48.90%,Jul 2022
1623,Spaceguy,-50%,"R$ 1,74",48.75%,Feb 2018
1624,E.T. Armies,-75%,"R$ 6,99",48.66%,Mar 2016
1625,Beer Factory,-30%,"R$ 54,79",48.21%,Jan 2024
1626,Alternativa,-80%,"R$ 6,99",48.04%,Nov 2010
1627,Brothel Simulator üçì,-55%,"R$ 14,84",47.82%,Jan 2023
1628,Car Tuning Simulator,-50%,"R$ 1,74",47.82%,Oct 2021
1629,Carrier Command: Gaea Mission,-80%,"R$ 25,99",47.78%,Sep 2012
1630,Ê≠¶‰æ†‰πÇ The Swordsmen X,-70%,"R$ 14,24",47.56%,Jul 2018
1631,Kitchen Simulator 2,-50%,"R$ 1,74",47.49%,Aug 2017
1632,Happy New Year Clicker,-85%,"R$ 2,54",47.44%,Dec 2017
1633,Bleeding Border,-90%,"R$ 1,74",47.19%,Nov 2015
1634,Forest Ranger Simulator,-50%,"R$ 14,49",47.13%,Jun 2024
1635,3 Coins At School,-90%,"R$ 1,74",46.98%,Apr 2016
1636,Intelligent Design: An Evolutionary Sandbox,-85%,"R$ 3,52",46.94%,May 2017
1637,The Walking Dead: Destinies,-60%,"R$ 53,99",46.87%,Dec 2023
1638,Rhino's Rage,-90%,"R$ 1,74",46.59%,Mar 2015
1639,A Valley Without Wind 2,-75%,"R$ 11,74",46.58%,Feb 2013
1640,Spire of Sorcery,-60%,"R$ 20,00",46.52%,Oct 2021
1641,Burgers,-25%,"R$ 2,88",46.39%,Aug 2015
1642,Strategic War in Europe,-88%,"R$ 2,45",46.16%,Mar 2014
1643,Don't Cheat On Me,-65%,"R$ 5,80",46.12%,Jan 2021
1644,Rise of the Ancients,-90%,"R$ 1,74",45.88%,May 2016
1645,Colonize,-50%,"R$ 24,99",45.13%,Feb 2024
1646,Time Mysteries: Inheritance - Remastered,-75%,"R$ 11,74",45.05%,Oct 2014
1647,Silent Hunter 5¬Æ: Battle of the Atlantic,-75%,"R$ 7,49",44.99%,Mar 2010
1648,MythBusters: The Game - Crazy Experiments Simulator,-47%,"R$ 26,80",44.78%,Sep 2022
1649,Raywin,-90%,"R$ 1,74",44.70%,Jul 2015
1650,ADventure Lib,-50%,"R$ 3,49",44.49%,Aug 2015
1651,Ê∑±Êµ∑ÔºöÂç≥ÂàªÊäâÊã©,-60%,"R$ 4,95",44.24%,Mar 2020
1652,The Life of One Dog,-50%,"R$ 1,74",43.75%,Oct 2018
1653,Speed Dates,-30%,"R$ 7,34",43.73%,Mar 2023
1654,Gold Hunter,-20%,"R$ 59,19",43.11%,May 2022
1655,Vapour,-6%,"R$ 14,59",42.75%,Jul 2015
1656,ValhallaÔºöAwakening of Valkyrie,-50%,"R$ 8,29",42.40%,Sep 2022
1657,Kitchen Simulator 2015,-50%,"R$ 1,74",42.24%,Sep 2015
1658,Super Meat Shooter,-50%,"R$ 1,74",41.59%,Nov 2017
1659,Gamer Shop Simulator,-60%,"R$ 7,43",41.53%,Nov 2021
1660,Bang Bang Fruit 2,-50%,"R$ 1,74",40.00%,Oct 2017
1661,NHRA Championship Drag Racing: Speed For All,-90%,"R$ 9,39",39.96%,Aug 2022
1662,The God's Chain,-90%,"R$ 1,74",39.22%,Aug 2016
1663,Enchanted Portals,-60%,"R$ 23,99",38.50%,Sep 2023
1664,Survival: Lost Way,-50%,"R$ 1,74",38.30%,Feb 2021
1665,Coal Mining Simulator,-34%,"R$ 44,89",38.25%,Apr 2023
1666,Skull Island: Rise of Kong,-75%,"R$ 26,99",38.07%,Oct 2023
1667,Hacker Evolution Duality,-50%,"R$ 1,74",36.52%,Aug 2011
1668,Dark Shadows - Army of Evil,-90%,"R$ 1,74",36.05%,Mar 2014
1669,ÂπªÊÉ≥ÊõπÊìç‰º† Fantasy of Caocao,-30%,"R$ 4,89",35.33%,Jan 2022
1670,Road Madness,-90%,"R$ 1,74",35.05%,Apr 2014
1671,Avatar: The Last Airbender - Quest for Balance,-60%,"R$ 53,99",34.97%,Sep 2023
1672,Arma Tactics,-80%,"R$ 4,99",34.32%,Oct 2013
1673,The Swordsmen X: Survival,-70%,"R$ 30,59",29.92%,Apr 2023
1674,Sacred 3,-75%,"R$ 6,99",28.39%,Aug 2014
1675,Feed the Cups,-20%,"R$ 39,99",27.55%,Feb 2024
1676,Yacht Mechanic Simulator,-34%,"R$ 44,89",26.51%,Jul 2022
1677,Time Ramesside (A New Reckoning),-90%,"R$ 1,74",25.81%,May 2015
